decisionGeneration;totalSimulationHours;animalType;animalId;fitness;hp;hunger;thirst;hungerWeight;thirstWeight;fearWeight;hideSeekingWeight;riskTolerance;explorationWeight;speed;maxStamina;currentStamina;sightRange;tempResist;hungerDecreasingSpeed;thirstDecreasingSpeed;breedingCooldownMultiplyer;fertility;swimAbility;eatNeed;fatSave;childrenCount;timeAliveInGeneration;timeSpentHiding;timesEnteredShelter;predatorEncounters;totalFoodForPrey;totalFoodForPredator
0;1,0005;Prey;9;99,5233;100,0000;0,9556;0,8926;0,3599;0,0183;0,0972;0,1952;0,0000;0,0424;4,1672;1,3651;1,3651;7;2,3777;0,6630;0,5769;1,1055;6,0000;0,4883;0,3568;0,5842;0;12,5061;0,0000;0;0;336;40
1;2,0005;Prey;38;99,3197;100,0000;0,8731;0,7400;0,0000;0,0000;0,0468;0,2766;0,0000;0,2559;4,0821;1,9098;1,9098;6;2,5220;0,6317;0,8819;0,7759;5,0000;0,5742;0,3871;0,5664;0;12,5005;0,0000;0;0;336;40
2;3,0010;Prey;12;99,6307;100,0000;0,8143;0,7845;0,0000;0,0000;0,6616;0,6867;0,0073;0,8787;4,0998;1,1579;1,1579;5;1,1484;0,8744;0,9826;0,6540;5,0000;0,3635;0,5824;0,5406;0;12,5058;0,0000;0;0;336;40
3;4,0012;Prey;12;99,6304;100,0000;0,7707;0,7394;0,0000;0,0000;0,6616;0,6867;0,0073;0,8787;4,0998;1,1579;1,1579;5;1,1484;0,8744;0,9826;0,6540;5,0000;0,3635;0,5824;0,5406;0;12,5022;0,0000;0;0;336;40
4;5,0234;Prey;33;100,1794;100,0000;0,7935;0,8356;0,0000;0,0000;0,6728;0,9600;0,0075;0,8580;2,4405;1,2586;1,2586;5;1,5852;0,5454;0,6945;1,0907;7,0000;0,5737;0,3290;0,6742;0;12,7774;0,0000;0;0;336;40
5;6,0929;Prey;33;100,2386;100,0000;0,7608;0,8019;0,0000;0,0000;0,6728;0,9600;0,0075;0,8580;2,4405;1,2586;1,2586;5;1,5852;0,5454;0,6945;1,0907;7,0000;0,5737;0,3290;0,6742;0;13,3693;0,0000;0;0;336;40
6;7,0942;Prey;33;100,1533;100,0000;0,7301;0,7711;0,0000;0,0000;0,6728;0,9600;0,0075;0,8580;2,4405;1,2586;1,2586;5;1,5852;0,5454;0,6945;1,0907;7,0000;0,5737;0,3290;0,6742;0;12,5161;0,0000;0;0;336;40
7;8,1485;Prey;33;100,2196;100,0000;0,6978;0,7381;0,0000;0,0000;0,6728;0,9600;0,0075;0,8580;2,4405;1,2586;1,2586;5;1,5852;0,5454;0,6945;1,0907;7,0000;0,5737;0,3290;0,6742;0;13,1789;0,0000;0;0;336;40
8;9,2049;Prey;33;100,2222;100,0000;0,6652;0,7075;0,0000;0,0000;0,6728;0,9600;0,0075;0,8580;2,4405;1,2586;1,2586;5;1,5852;0,5454;0,6945;1,0907;7,0000;0,5737;0,3290;0,6742;0;13,2051;0,0000;0;0;336;40
9;10,2512;Prey;33;100,2095;100,0000;0,6330;0,6772;0,0000;0,0000;0,6728;0,9600;0,0075;0,8580;2,4405;1,2586;1,2586;5;1,5852;0,5454;0,6945;1,0907;7,0000;0,5737;0,3290;0,6742;0;13,0780;0,0000;0;0;336;40
10;11,3052;Prey;33;100,2193;100,0000;0,6008;0,6463;0,0000;0,0000;0,6728;0,9600;0,0075;0,8580;2,4405;1,2586;1,2586;5;1,5852;0,5454;0,6945;1,0907;7,0000;0,5737;0,3290;0,6742;0;13,1758;0,0000;0;0;336;40
11;12,3595;Prey;33;100,5049;100,0000;0,5685;0,6151;0,0000;0,0000;0,6728;0,9600;0,0075;0,8580;2,4405;1,2586;1,2586;5;1,5852;0,5454;0,6945;1,0907;7,0000;0,5737;0,3290;0,6742;0;13,1785;0,0000;0;0;335;38
12;13,4476;Prey;33;100,4570;100,0000;0,5353;0,5831;0,0000;0,0000;0,6728;0,9600;0,0075;0,8580;2,4405;1,2586;1,2586;5;1,5852;0,5454;0,6945;1,0907;7,0000;0,5737;0,3290;0,6742;0;13,6018;0,0000;0;0;330;38
13;14,5250;Prey;33;100,5304;100,0000;0,5023;0,5514;0,0000;0,0000;0,6728;0,9600;0,0075;0,8580;2,4405;1,2586;1,2586;5;1,5852;0,5454;0,6945;1,0907;7,0000;0,5737;0,3290;0,6742;0;13,4673;0,0000;0;0;326;37
14;15,5441;Prey;33;100,6854;100,0000;0,4711;0,5214;0,0000;0,0000;0,6728;0,9600;0,0075;0,8580;2,4405;1,2586;1,2586;5;1,5852;0,5454;0,6945;1,0907;7,0000;0,5737;0,3290;0,6742;0;12,7384;0,0000;0;0;320;35
15;16,6091;Prey;33;100,9072;100,0000;0,4385;0,4902;0,0000;0,0000;0,6728;0,9600;0,0075;0,8580;2,4405;1,2586;1,2586;5;1,5852;0,5454;0,6945;1,0907;7,0000;0,5737;0,3290;0,6742;0;13,3123;0,0000;0;0;319;34
16;17,6263;Prey;33;100,8970;100,0000;0,4074;0,4600;0,0000;0,0000;0,6728;0,9600;0,0075;0,8580;2,4405;1,2586;1,2586;5;1,5852;0,5454;0,6945;1,0907;7,0000;0,5737;0,3290;0,6742;0;12,7147;0,0000;0;0;312;33
17;18,6875;Prey;33;100,8481;100,0000;0,3750;0,4279;0,0000;0,0000;0,6728;0,9600;0,0075;0,8580;2,4405;1,2586;1,2586;5;1,5852;0,5454;0,6945;1,0907;7,0000;0,5737;0,3290;0,6742;0;13,2650;0,0000;0;0;307;33
18;19,7541;Prey;33;101,0115;100,0000;0,3423;0,3967;0,0000;0,0000;0,6728;0,9600;0,0075;0,8580;2,4405;1,2586;1,2586;5;1,5852;0,5454;0,6945;1,0907;7,0000;0,5737;0,3290;0,6742;0;13,3326;0,0000;0;0;305;32
19;20,7778;Prey;33;100,9149;100,0000;0,3108;0,3658;0,0000;0,0000;0,6728;0,9600;0,0075;0,8580;2,4405;1,2586;1,2586;5;1,5852;0,5454;0,6945;1,0907;7,0000;0,5737;0,3290;0,6742;0;12,7962;0,0000;0;0;303;32
20;21,8235;Prey;33;101,1521;100,0000;0,2775;0,3356;0,0000;0,0000;0,6728;0,9600;0,0075;0,8580;2,4405;1,2586;1,2586;5;1,5852;0,5454;0,6945;1,0907;7,0000;0,5737;0,3290;0,6742;0;13,0712;0,0000;0;0;303;31
21;22,8464;Prey;9;101,2786;100,0000;0,9094;0,3608;0,0000;0,0000;0,5549;1,0000;0,0259;0,9363;4,1672;1,3651;1,3651;7;2,3777;0,6630;0,5769;1,1055;6,0000;0,4883;0,3568;0,5842;0;12,7863;0,0000;0;0;301;30
22;23,8605;Prey;9;101,2676;100,0000;0,8715;0,3365;0,0000;0,0000;0,5549;1,0000;0,0259;0,9363;4,1672;1,3651;1,3651;7;2,3777;0,6630;0,5769;1,1055;6,0000;0,4883;0,3568;0,5842;0;12,6762;0,0000;0;0;300;30
23;24,8723;Prey;9;101,2648;100,0000;0,8322;0,3121;0,0000;0,0000;0,5549;1,0000;0,0259;0,9363;4,1672;1,3651;1,3651;7;2,3777;0,6630;0,5769;1,1055;6,0000;0,4883;0,3568;0,5842;0;12,6480;0,0000;0;0;342;30
24;25,8738;Prey;9;101,2519;100,0000;0,7921;0,2881;0,0000;0,0000;0,5549;1,0000;0,0259;0,9363;4,1672;1,3651;1,3651;7;2,3777;0,6630;0,5769;1,1055;6,0000;0,4883;0,3568;0,5842;0;12,5190;0,0000;0;0;341;29
25;26,8745;Prey;4;101,2508;100,0000;0,5006;0,9300;0,0000;0,0000;0,7474;1,0000;0,0073;0,4629;4,2286;2,7067;2,7067;10;3,3767;0,7213;0,6198;0,8556;6,0000;0,3216;0,4261;0,5435;0;12,5084;0,0000;0;0;340;28
26;27,9232;Prey;4;101,3109;100,0000;0,4462;0,9029;0,0000;0,0000;0,7474;1,0000;0,0073;0,4629;4,2286;2,7067;2,7067;10;3,3767;0,7213;0,6198;0,8556;6,0000;0,3216;0,4261;0,5435;0;13,1087;0,0000;0;0;338;28
27;28,9594;Prey;4;101,2953;100,0000;0,3925;0,8761;0,0000;0,0000;0,7474;1,0000;0,0073;0,4629;4,2286;2,7067;2,7067;10;3,3767;0,7213;0,6198;0,8556;6,0000;0,3216;0,4261;0,5435;0;12,9526;0,0000;0;0;338;28
28;29,9764;Prey;0;101,2713;100,0000;0,3157;0,7269;0,0000;0,0000;0,2305;0,6421;0,0150;0,0000;3,1924;2,1416;0,8953;7;4,3589;0,6497;0,7510;1,1861;4,0000;0,4847;0,3206;0,8481;0;12,7127;0,0000;0;0;336;28
29;30,9976;Prey;0;101,2764;100,0000;0,2698;0,6950;0,0000;0,0000;0,2305;0,6421;0,0150;0,0000;3,1924;2,1416;1,8045;7;4,3589;0,6497;0,7510;1,1861;4,0000;0,4847;0,3206;0,8481;0;12,7644;0,0000;0;0;335;28
30;32,0160;Prey;0;101,2730;100,0000;0,9714;0,6631;0,0000;0,0000;0,2305;0,6421;0,0150;0,0000;3,1924;2,1416;2,1416;7;4,3589;0,6497;0,7510;1,1861;4,0000;0,4847;0,3206;0,8481;0;12,7300;0,0000;0;0;332;28
31;33,0236;Prey;0;101,2595;100,0000;0,9269;0,6316;0,0000;0,0000;0,2305;0,6421;0,0150;0,0000;3,1924;2,1416;2,1416;7;4,3589;0,6497;0,7510;1,1861;4,0000;0,4847;0,3206;0,8481;0;12,5954;0,0000;0;0;331;27
32;34,1324;Prey;0;101,3860;100,0000;0,8800;0,5969;0,0000;0,0000;0,2305;0,6421;0,0150;0,0000;3,1924;2,1416;2,1416;7;4,3589;0,6497;0,7510;1,1861;4,0000;0,4847;0,3206;0,8481;0;13,8603;0,0000;0;0;328;26
33;35,2173;Prey;0;101,3561;100,0000;0,8324;0,5629;0,0000;0,0000;0,2305;0,6421;0,0150;0,0000;3,1924;2,1416;2,1416;7;4,3589;0,6497;0,7510;1,1861;4,0000;0,4847;0,3206;0,8481;0;13,5609;0,0000;0;0;327;26
34;36,2450;Prey;0;101,2846;100,0000;0,7885;0,5308;0,0000;0,0000;0,2305;0,6421;0,0150;0,0000;3,1924;2,1416;2,1416;7;4,3589;0,6497;0,7510;1,1861;4,0000;0,4847;0,3206;0,8481;0;12,8465;0,0000;0;0;324;24
35;37,2991;Prey;0;101,3177;100,0000;0,7416;0,4978;0,0000;0,0000;0,2305;0,6421;0,0150;0,0000;3,1924;2,1416;2,1416;7;4,3589;0,6497;0,7510;1,1861;4,0000;0,4847;0,3206;0,8481;0;13,1767;0,0000;0;0;324;24
36;38,3590;Prey;0;101,3248;100,0000;0,6950;0,4646;0,0000;0,0000;0,2305;0,6421;0,0150;0,0000;3,1924;2,1416;2,1416;7;4,3589;0,6497;0,7510;1,1861;4,0000;0,4847;0,3206;0,8481;0;13,2482;0,0000;0;0;324;24
37;39,4388;Prey;0;101,3497;100,0000;0,6437;0,4308;0,0000;0,0000;0,2305;0,6421;0,0150;0,0000;3,1924;2,1416;1,6128;7;4,3589;0,6497;0,7510;1,1861;4,0000;0,4847;0,3206;0,8481;0;13,4971;0,0000;0;0;324;24
38;40,4502;Prey;0;101,2643;100,0000;0,5869;0,3992;0,0000;0,0000;0,2305;0,6421;0,0150;0,0000;3,1924;2,1416;0,5809;7;4,3589;0,6497;0,7510;1,1861;4,0000;0,4847;0,3206;0,8481;0;12,6429;0,0000;0;0;319;24
39;41,4882;Prey;0;101,2975;100,0000;0,5388;0,3667;0,0000;0,0000;0,2305;0,6421;0,0150;0,0000;3,1924;2,1416;1,8784;7;4,3589;0,6497;0,7510;1,1861;4,0000;0,4847;0,3206;0,8481;0;12,9746;0,0000;0;0;319;23
40;42,4909;Prey;0;101,2534;100,0000;0,4926;0,3353;0,0000;0,0000;0,2305;0,6421;0,0150;0,0000;3,1924;2,1416;2,1416;7;4,3589;0,6497;0,7510;1,1861;4,0000;0,4847;0,3206;0,8481;0;12,5340;0,0000;0;0;318;22
41;43,5562;Prey;0;101,3316;100,0000;0,4433;0,3020;0,0000;0,0000;0,2305;0,6421;0,0150;0,0000;3,1924;2,1416;2,1416;7;4,3589;0,6497;0,7510;1,1861;4,0000;0,4847;0,3206;0,8481;0;13,3164;0,0000;0;0;316;22
42;44,5710;Prey;0;101,2685;100,0000;0,3935;0,2702;0,0000;0,0000;0,2305;0,6421;0,0150;0,0000;3,1924;2,1416;2,1416;7;4,3589;0,6497;0,7510;1,1861;4,0000;0,4847;0,3206;0,8481;0;12,6849;0,0000;0;0;314;21
43;45,5847;Prey;1;311,2671;100,0000;0,9601;0,6343;0,0000;0,0000;0,5391;0,7332;0,0000;0,0412;3,0090;2,4330;2,4330;10;2,6539;0,7125;0,9783;1,1245;7,0000;0,5632;0,4940;0,7924;7;12,6710;0,0000;0;0;312;27
44;46,6059;Prey;17;281,2765;100,0000;0,3342;0,8053;0,0000;0,0000;0,1578;0,7424;0,0080;0,4498;2,8835;1,4135;1,4135;7;1,8752;0,7750;0,8822;0,6529;6,0000;0,3808;0,3216;0,8489;6;12,7650;0,0000;0;0;312;31
45;47,6233;Prey;19;245,2989;100,0000;0,6490;0,9404;0,8455;0,0354;0,1706;0,7430;0,0176;0,2214;2,6288;1,6820;1,6820;7;3,9976;0,6598;0,7367;0,5588;5,0000;0,4465;0,5536;0,6882;5;12,7170;0,0000;0;0;312;36
46;48,6979;Prey;9;101,1421;100,0000;0,5777;0,4509;0,0000;0,0000;0,2004;0,7410;0,0240;0,0000;4,1672;1,3651;1,3651;7;2,3777;0,6630;0,5769;1,1055;6,0000;0,4883;0,3568;0,5842;0;13,4325;0,0000;0;0;352;36
47;49,7185;Prey;7;202,4147;82,6750;0,7058;0,5794;0,0000;0,0000;0,4002;0,7290;0,0000;0,0040;2,2213;2,1545;2,1545;9;4,6198;0,5704;0,9044;1,0937;4,0000;0,5857;0,4235;0,8852;4;12,7577;0,0000;0;0;350;40
48;50,7928;Prey;33;100,6212;100,0000;0,7826;0,2826;0,0000;0,0000;0,1458;0,6766;0,0015;0,1927;2,4405;1,2586;1,2586;5;1,5852;0,5454;0,6945;1,0907;7,0000;0,5737;0,3290;0,6742;0;13,4284;0,0000;0;0;349;39
49;51,8112;Prey;33;309,0157;100,0000;0,7426;0,2531;0,0000;0,0000;0,1458;0,6766;0,0015;0,1927;2,4405;1,2586;1,2586;5;1,5852;0,5454;0,6945;1,0907;7,0000;0,5737;0,3290;0,6742;7;12,7311;0,0000;0;0;349;52
50;52,9008;Prey;62;99,1383;100,0000;0,9337;0,9519;0,4451;0,2723;0,0748;0,6711;0,0005;0,1689;2,3981;0,9561;0,7949;6;2,9122;0,5000;0,6683;0,9119;5,3735;0,6063;0,3998;0,5495;0;13,6197;0,0000;0;0;348;51
51;53,9239;Prey;62;99,1958;100,0000;0,8973;0,9903;0,4451;0,2723;0,0748;0,6711;0,0005;0,1689;2,3981;0,9561;0,9561;6;2,9122;0,5000;0,6683;0,9119;5,3735;0,6063;0,3998;0,5495;0;12,7889;0,0000;0;0;345;48
52;54,9500;Prey;44;98,9457;100,0000;0,4833;0,9750;0,0000;0,0258;0,1075;0,6066;0,0054;0,0000;3,7998;1,1833;1,1833;10;3,3737;0,6983;0,9550;0,5788;6,6235;0,5705;0,5116;0,8488;0;12,8261;0,0000;0;0;345;48
53;55,9624;Prey;9;277,9468;100,0000;0,9659;0,2763;0,0000;0,0000;0,2004;0,7410;0,0240;0,0000;4,1672;1,3651;1,3651;7;2,3777;0,6630;0,5769;1,1055;6,0000;0,4883;0,3568;0,5842;6;12,6553;0,0000;0;0;342;54
54;56,9819;Prey;69;99,1286;100,0000;0,7583;0,8444;0,0000;0,0039;0,1961;0,7420;0,0249;0,5450;3,1016;0,9305;0,9305;5;2,0421;0,6464;0,6634;0,6355;6,0293;0,5341;0,4137;0,6324;0;12,7439;0,0000;0;0;342;53
55;58,0032;Prey;69;99,2572;100,0000;0,9754;0,8162;0,0000;0,0039;0,1961;0,7420;0,0249;0,5450;3,1016;0,9305;0,9305;5;2,0421;0,6464;0,6634;0,6355;6,0293;0,5341;0,4137;0,6324;0;12,7655;0,0000;0;0;340;51
56;59,0273;Prey;69;99,2468;100,0000;0,9255;0,7878;0,0000;0,0039;0,1961;0,7420;0,0249;0,5450;3,1016;0,9305;0,9305;5;2,0421;0,6464;0,6634;0,6355;6,0293;0,5341;0,4137;0,6324;0;12,8017;0,0000;0;0;339;51
57;60,0619;Prey;69;99,2458;100,0000;0,8771;0,7592;0,0000;0,0039;0,1961;0,7420;0,0249;0,5450;3,1016;0,9305;0,4515;5;2,0421;0,6464;0,6634;0,6355;6,0293;0,5341;0,4137;0,6324;0;12,9320;0,0000;0;0;338;51
58;61,0668;Prey;69;99,2065;100,0000;0,8294;0,7315;0,0000;0,0039;0,1961;0,7420;0,0249;0,5450;3,1016;0,9305;0,6100;5;2,0421;0,6464;0,6634;0,6355;6,0293;0,5341;0,4137;0,6324;0;12,5611;0,0000;0;0;338;51
59;62,0777;Prey;69;99,2916;100,0000;0,7809;0,7035;0,0000;0,0039;0,1961;0,7420;0,0249;0,5450;3,1016;0,9305;0,4489;5;2,0421;0,6464;0,6634;0,6355;6,0293;0,5341;0,4137;0,6324;0;12,6366;0,0000;0;0;338;50
60;63,1122;Prey;69;99,3773;100,0000;0,7335;0,6749;0,0000;0,0039;0,1961;0,7420;0,0249;0,5450;3,1016;0,9305;0,9305;5;2,0421;0,6464;0,6634;0,6355;6,0293;0,5341;0,4137;0,6324;0;12,9317;0,0000;0;0;336;49
61;64,1302;Prey;62;99,7505;100,0000;0,9752;0,7061;0,0000;0,0000;0,0162;0,6572;0,0146;0,2696;2,3981;0,9561;0,9561;6;2,9122;0,5000;0,6683;0,9119;5,3735;0,6063;0,3998;0,5495;0;12,7254;0,0000;0;0;334;49
62;65,1454;Prey;62;99,8551;100,0000;0,9350;0,6779;0,0000;0,0000;0,0162;0,6572;0,0146;0,2696;2,3981;0,9561;0,9561;6;2,9122;0,5000;0,6683;0,9119;5,3735;0,6063;0,3998;0,5495;0;12,6900;0,0000;0;0;331;47
63;66,1576;Prey;62;99,9245;100,0000;0,8928;0,6497;0,0000;0,0000;0,0162;0,6572;0,0146;0,2696;2,3981;0,9561;0,9561;6;2,9122;0,5000;0,6683;0,9119;5,3735;0,6063;0,3998;0,5495;0;12,6513;0,0000;0;0;331;46
64;67,1700;Prey;62;100,0704;100,0000;0,8509;0,6215;0,0000;0,0000;0,0162;0,6572;0,0146;0,2696;2,3981;0,9561;0,9561;6;2,9122;0,5000;0,6683;0,9119;5,3735;0,6063;0,3998;0,5495;0;12,6557;0,0000;0;0;330;44
65;68,1706;Prey;62;100,1390;100,0000;0,8113;0,5936;0,0000;0,0000;0,0162;0,6572;0,0146;0,2696;2,3981;0,9561;0,9561;6;2,9122;0,5000;0,6683;0,9119;5,3735;0,6063;0,3998;0,5495;0;12,5076;0,0000;0;0;330;43
66;69,1737;Prey;62;100,1420;100,0000;0,7695;0,5657;0,0000;0,0000;0,0162;0,6572;0,0146;0,2696;2,3981;0,9561;0,9561;6;2,9122;0,5000;0,6683;0,9119;5,3735;0,6063;0,3998;0,5495;0;12,5382;0,0000;0;0;330;43
67;70,1949;Prey;62;100,1536;100,0000;0,7282;0,5373;0,0000;0,0000;0,0162;0,6572;0,0146;0,2696;2,3981;0,9561;0,9561;6;2,9122;0,5000;0,6683;0,9119;5,3735;0,6063;0,3998;0,5495;0;12,7648;0,0000;0;0;329;43
68;71,2071;Prey;62;100,1953;100,0000;0,6898;0,5091;0,0000;0,0000;0,0162;0,6572;0,0146;0,2696;2,3981;0,9561;0,9561;6;2,9122;0,5000;0,6683;0,9119;5,3735;0,6063;0,3998;0,5495;0;12,6527;0,0000;0;0;326;42
69;72,2293;Prey;62;100,5665;100,0000;0,6515;0,4806;0,0000;0,0000;0,0162;0,6572;0,0146;0,2696;2,3981;0,9561;0,9561;6;2,9122;0,5000;0,6683;0,9119;5,3735;0,6063;0,3998;0,5495;0;12,7779;0,0000;0;0;349;41
70;73,2481;Prey;62;100,6639;100,0000;0,6106;0,4522;0,0000;0,0000;0,0162;0,6572;0,0146;0,2696;2,3981;0,9561;0,9561;6;2,9122;0,5000;0,6683;0,9119;5,3735;0,6063;0,3998;0,5495;0;12,7348;0,0000;0;0;349;40
71;74,2854;Prey;62;101,0124;100,0000;0,5698;0,4234;0,0000;0,0000;0,0162;0,6572;0,0146;0,2696;2,3981;0,9561;0,9561;6;2,9122;0,5000;0,6683;0,9119;5,3735;0,6063;0,3998;0,5495;0;12,9669;0,0000;0;0;348;37
72;75,3004;Prey;62;101,0695;100,0000;0,5298;0,3951;0,0000;0,0000;0,0162;0,6572;0,0146;0,2696;2,3981;0,9561;0,9561;6;2,9122;0,5000;0,6683;0,9119;5,3735;0,6063;0,3998;0,5495;0;12,6873;0,0000;0;0;345;36
73;76,3357;Prey;62;101,1985;100,0000;0,4893;0,3663;0,0000;0,0000;0,0162;0,6572;0,0146;0,2696;2,3981;0,9561;0,9561;6;2,9122;0,5000;0,6683;0,9119;5,3735;0,6063;0,3998;0,5495;0;12,9410;0,0000;0;0;343;35
74;77,3590;Prey;33;101,2791;100,0000;0,3959;0,3118;0,0000;0,0000;0,0000;0,6934;0,0058;0,2253;2,4405;1,2586;1,2586;5;1,5852;0,5454;0,6945;1,0907;7,0000;0,5737;0,3290;0,6742;0;12,7914;0,0000;0;0;343;34
75;78,3821;Prey;33;101,2788;100,0000;0,3508;0,9891;0,0000;0,0000;0,0000;0,6934;0,0058;0,2253;2,4405;1,2586;1,2586;5;1,5852;0,5454;0,6945;1,0907;7,0000;0,5737;0,3290;0,6742;0;12,7877;0,0000;0;0;343;34
76;79,4133;Prey;33;101,2891;100,0000;0,3063;0,9593;0,0000;0,0000;0,0000;0,6934;0,0058;0,2253;2,4405;1,2586;1,2586;5;1,5852;0,5454;0,6945;1,0907;7,0000;0,5737;0,3290;0,6742;0;12,8911;0,0000;0;0;341;33
77;80,4311;Prey;33;101,2722;100,0000;0,2624;0,9298;0,0000;0,0000;0,0000;0,6934;0,0058;0,2253;2,4405;1,2586;1,2586;5;1,5852;0,5454;0,6945;1,0907;7,0000;0,5737;0,3290;0,6742;0;12,7218;0,0000;0;0;341;30
78;81,4356;Prey;1;101,2556;100,0000;0,9929;0,7429;0,0000;0,0000;0,1570;0,5243;0,1329;0,9218;3,0090;2,4330;2,4330;10;2,6539;0,7125;0,9783;1,1245;7,0000;0,5632;0,4940;0,7924;0;12,5561;0,0000;0;0;339;29
79;82,4474;Prey;1;101,2648;100,0000;0,9289;0,7016;0,0000;0,0000;0,1570;0,5243;0,1329;0,9218;3,0090;2,4330;2,4330;10;2,6539;0,7125;0,9783;1,1245;7,0000;0,5632;0,4940;0,7924;0;12,6483;0,0000;0;0;337;29
80;83,4517;Prey;1;101,2552;100,0000;0,8722;0,6607;0,0000;0,0000;0,1570;0,5243;0,1329;0,9218;3,0090;2,4330;2,4330;10;2,6539;0,7125;0,9783;1,1245;7,0000;0,5632;0,4940;0,7924;0;12,5523;0,0000;0;0;335;27
81;84,4586;Prey;1;101,2586;100,0000;0,8107;0,6196;0,0000;0,0000;0,1570;0,5243;0,1329;0,9218;3,0090;2,4330;2,4330;10;2,6539;0,7125;0,9783;1,1245;7,0000;0,5632;0,4940;0,7924;0;12,5864;0,0000;0;0;334;27
82;85,4934;Prey;0;101,2936;100,0000;0,6484;0,5159;0,0000;0,0000;0,0892;0,6779;0,0021;0,5266;3,1924;2,1416;2,1416;7;4,3589;0,6497;0,7510;1,1861;4,0000;0,4847;0,3206;0,8481;0;12,9358;0,0000;0;0;334;26
83;86,5143;Prey;0;101,2761;100,0000;0,5944;0,4839;0,0000;0,0000;0,0892;0,6779;0,0021;0,5266;3,1924;2,1416;2,1416;7;4,3589;0,6497;0,7510;1,1861;4,0000;0,4847;0,3206;0,8481;0;12,7611;0,0000;0;0;332;26
84;87,5528;Prey;0;101,2981;100,0000;0,5385;0,4514;0,0000;0,0000;0,0892;0,6779;0,0021;0,5266;3,1924;2,1416;2,1416;7;4,3589;0,6497;0,7510;1,1861;4,0000;0,4847;0,3206;0,8481;0;12,9806;0,0000;0;0;329;26
85;88,5542;Prey;0;101,2517;100,0000;0,4859;0,4201;0,0000;0,0000;0,0892;0,6779;0,0021;0,5266;3,1924;2,1416;2,1416;7;4,3589;0,6497;0,7510;1,1861;4,0000;0,4847;0,3206;0,8481;0;12,5169;0,0000;0;0;329;26
86;89,5543;Prey;33;308,5124;100,0000;0,6659;0,6658;0,5463;0,0000;0,0000;1,0000;0,0475;0,2132;2,4405;1,2586;1,2586;5;1,5852;0,5454;0,6945;1,0907;7,0000;0,5737;0,3290;0,6742;7;12,5013;0,0000;0;0;329;28
87;90,5548;Prey;1;310,2103;100,0000;0,3883;0,3711;0,0000;0,0000;0,1570;0,5243;0,1329;0,9218;3,0090;2,4330;2,4330;10;2,6539;0,7125;0,9783;1,1245;7,0000;0,5632;0,4940;0,7924;7;12,5044;0,0000;0;0;329;35
88;91,5563;Prey;0;101,2518;100,0000;0,3249;0,3262;0,0000;0,0000;0,0892;0,6779;0,0021;0,5266;3,1924;2,1416;2,1416;7;4,3589;0,6497;0,7510;1,1861;4,0000;0,4847;0,3206;0,8481;0;12,5184;0,0000;0;0;329;32
89;92,5717;Prey;0;101,2693;100,0000;0,9806;0,2944;0,0000;0,0000;0,0892;0,6779;0,0021;0,5266;3,1924;2,1416;2,1416;7;4,3589;0,6497;0,7510;1,1861;4,0000;0,4847;0,3206;0,8481;0;12,6925;0,0000;0;0;328;31
90;93,5790;Prey;1;101,2591;100,0000;0,9949;0,2479;0,0000;0,0000;0,1570;0,5243;0,1329;0,9218;3,0090;2,4330;2,4330;10;2,6539;0,7125;0,9783;1,1245;7,0000;0,5632;0,4940;0,7924;0;12,5910;0,0000;0;0;327;31
91;94,6206;Prey;17;279,9993;100,0000;0,5003;0,4925;0,0000;0,0000;0,0000;0,5872;0,0000;0,5265;2,8835;1,4135;1,4135;7;1,8752;0,7750;0,8822;0,6529;6,0000;0,3808;0,3216;0,8489;6;13,0203;0,0000;0;0;326;37
92;95,6449;Prey;33;100,4640;100,0000;0,4063;0,4896;0,0000;0,0000;0,0081;0,1567;0,0479;0,4642;2,4405;1,2586;1,2586;5;1,5852;0,5454;0,6945;1,0907;7,0000;0,5737;0,3290;0,6742;0;12,8035;0,0000;0;0;326;37
93;96,7189;Prey;33;100,7118;100,0000;0,3622;0,4585;0,0000;0,0000;0,0081;0,1567;0,0479;0,4642;2,4405;1,2586;1,2586;5;1,5852;0,5454;0,6945;1,0907;7,0000;0,5737;0,3290;0,6742;0;13,4258;0,0000;0;0;336;37
94;97,7696;Prey;33;100,6268;100,0000;0,3221;0,4281;0,0000;0,0000;0,0081;0,1567;0,0479;0,4642;2,4405;1,2586;1,2586;5;1,5852;0,5454;0,6945;1,0907;7,0000;0,5737;0,3290;0,6742;0;13,1328;0,0000;0;0;333;37
95;98,7735;Prey;33;100,5685;100,0000;0,2858;0,3990;0,0000;0,0000;0,0081;0,1567;0,0479;0,4642;2,4405;1,2586;1,2586;5;1,5852;0,5454;0,6945;1,0907;7,0000;0,5737;0,3290;0,6742;0;12,5490;0,0000;0;0;333;37
96;99,7908;Prey;83;100,7199;100,0000;0,9568;0,7194;0,0000;0,0000;0,0000;0,6047;0,0143;0,5235;4,7409;0,9228;0,9228;12;2,8835;0,7422;0,6357;0,8065;5,9426;0,2521;0,3044;0,5513;0;12,7167;0,0000;0;0;331;36
97;100,8700;Prey;83;100,9576;100,0000;0,9041;0,6908;0,0000;0,0000;0,0000;0,6047;0,0143;0,5235;4,7409;0,9228;0,9228;12;2,8835;0,7422;0,6357;0,8065;5,9426;0,2521;0,3044;0,5513;0;13,4901;0,0000;0;0;330;35
98;101,9460;Prey;83;100,9340;100,0000;0,8508;0,6623;0,0000;0,0000;0,0000;0,6047;0,0143;0,5235;4,7409;0,9228;0,9228;12;2,8835;0,7422;0,6357;0,8065;5,9426;0,2521;0,3044;0,5513;0;13,4496;0,0000;0;0;329;35
99;103,0512;Prey;83;101,0995;100,0000;0,8007;0,6330;0,0000;0,0000;0,0000;0,6047;0,0143;0,5235;4,7409;0,9228;0,9228;12;2,8835;0,7422;0,6357;0,8065;5,9426;0,2521;0,3044;0,5513;0;13,8148;0,0000;0;0;326;34
100;104,0620;Prey;9;279,9535;100,0000;0,8965;0,0253;0,0000;0,0000;0,0899;0,5063;0,1459;0,7656;4,1672;1,3651;1,3651;7;2,3777;0,6630;0,5769;1,1055;6,0000;0,4883;0,3568;0,5842;6;12,6354;0,0000;0;0;325;38
101;105,1602;Prey;83;100,6688;100,0000;0,6991;0,5772;0,0000;0,0000;0,0000;0,6047;0,0143;0,5235;4,7409;0,9228;0,9228;12;2,8835;0,7422;0,6357;0,8065;5,9426;0,2521;0,3044;0,5513;0;13,7277;0,0000;0;0;323;36
102;106,1845;Prey;83;100,5573;100,0000;0,6450;0,5500;0,0000;0,0000;0,0000;0,6047;0,0143;0,5235;4,7409;0,9228;0,9228;12;2,8835;0,7422;0,6357;0,8065;5,9426;0,2521;0,3044;0,5513;0;12,8029;0,0000;0;0;322;36
103;107,1858;Prey;83;100,7037;100,0000;0,5922;0,5235;0,0000;0,0000;0,0000;0,6047;0,0143;0,5235;4,7409;0,9228;0,9228;12;2,8835;0,7422;0,6357;0,8065;5,9426;0,2521;0,3044;0,5513;0;12,5159;0,0000;0;0;322;35
104;108,2985;Prey;83;101,0283;100,0000;0,5352;0,4940;0,0000;0,0000;0,0000;0,6047;0,0143;0,5235;4,7409;0,9228;0,9228;12;2,8835;0,7422;0,6357;0,8065;5,9426;0,2521;0,3044;0,5513;0;13,9091;0,0000;0;0;322;34
105;109,3169;Prey;83;100,8701;100,0000;0,4824;0,4671;0,0000;0,0000;0,0000;0,6047;0,0143;0,5235;4,7409;0,9228;0,9228;12;2,8835;0,7422;0,6357;0,8065;5,9426;0,2521;0,3044;0,5513;0;12,7301;0,0000;0;0;320;34
106;110,3953;Prey;83;100,9451;100,0000;0,4243;0,4385;0,0000;0,0000;0,0000;0,6047;0,0143;0,5235;4,7409;0,9228;0,9228;12;2,8835;0,7422;0,6357;0,8065;5,9426;0,2521;0,3044;0,5513;0;13,4802;0,0000;0;0;320;34
107;111,4049;Prey;83;101,0337;100,0000;0,3708;0,4118;0,0000;0,0000;0,0000;0,6047;0,0143;0,5235;4,7409;0,9228;0,9228;12;2,8835;0,7422;0,6357;0,8065;5,9426;0,2521;0,3044;0,5513;0;12,6200;0,0000;0;0;319;33
108;112,5210;Prey;50;244,7002;100,0000;0,4453;0,7592;0,2711;0,4273;0,0826;0,4783;0,0041;0,6274;4,1661;1,9593;1,9593;6;2,4005;0,7571;0,8822;0,7403;4,5801;0,3348;0,3169;0,8167;5;13,9510;0,0000;0;0;319;38
109;113,5993;Prey;83;100,2304;100,0000;0,2580;0,9860;0,0000;0,0000;0,0000;0,6047;0,0143;0,5235;4,7409;0,9228;0,9228;12;2,8835;0,7422;0,6357;0,8065;5,9426;0,2521;0,3044;0,5513;0;13,4790;0,0000;0;0;318;38
110;114,6816;Prey;83;100,3718;100,0000;0,1998;0,9573;0,0000;0,0000;0,0000;0,6047;0,0143;0,5235;4,7409;0,9228;0,9228;12;2,8835;0,7422;0,6357;0,8065;5,9426;0,2521;0,3044;0,5513;0;13,5293;0,0000;0;0;317;37
111;115,7150;Prey;83;100,4736;100,0000;0,1404;0,9299;0,0000;0,0000;0,0000;0,6047;0,0143;0,5235;4,7409;0,9228;0,9228;12;2,8835;0,7422;0,6357;0,8065;5,9426;0,2521;0,3044;0,5513;0;12,9165;0,0000;0;0;317;36
112;116,7541;Prey;83;101,0084;100,0000;0,0775;0,9024;0,0000;0,0000;0,0000;0,6047;0,0143;0,5235;4,7409;0,9228;0,9228;12;2,8835;0,7422;0,6357;0,8065;5,9426;0,2521;0,3044;0,5513;0;12,9896;0,0000;0;0;316;33
113;117,7886;Prey;83;100,9818;100,0000;0,9846;0,8750;0,0000;0,0000;0,0000;0,6047;0,0143;0,5235;4,7409;0,9228;0,9228;12;2,8835;0,7422;0,6357;0,8065;5,9426;0,2521;0,3044;0,5513;0;12,9314;0,0000;0;0;315;33
114;118,8518;Prey;83;100,9969;100,0000;0,9215;0,8469;0,0000;0,0000;0,0000;0,6047;0,0143;0,5235;4,7409;0,9228;0,9228;12;2,8835;0,7422;0,6357;0,8065;5,9426;0,2521;0,3044;0,5513;0;13,2903;0,0000;0;0;314;33
115;119,9252;Prey;83;101,1490;100,0000;0,8643;0,8184;0,0000;0,0000;0,0000;0,6047;0,0143;0,5235;4,7409;0,9228;0,9228;12;2,8835;0,7422;0,6357;0,8065;5,9426;0,2521;0,3044;0,5513;0;13,4164;0,0000;0;0;311;32
116;121,0009;Prey;67;101,3447;100,0000;0,6633;0,6593;0,0000;0,0000;0,0511;0,3251;0,0210;0,4617;2,3952;1,5066;1,5066;7;6,3117;0,5654;0,6771;0,9951;6,7752;0,5586;0,3714;0,6119;0;13,4475;0,0000;0;0;352;31
117;122,0219;Prey;67;101,2761;100,0000;0,6075;0,6305;0,0000;0,0000;0,0511;0,3251;0,0210;0,4617;2,3952;1,5066;1,5066;7;6,3117;0,5654;0,6771;0,9951;6,7752;0,5586;0,3714;0,6119;0;12,7613;0,0000;0;0;351;30
118;123,0898;Prey;67;101,3349;100,0000;0,5517;0,6004;0,0000;0,0000;0,0511;0,3251;0,0210;0,4617;2,3952;1,5066;1,5066;7;6,3117;0,5654;0,6771;0,9951;6,7752;0,5586;0,3714;0,6119;0;13,3489;0,0000;0;0;350;30
119;124,1351;Prey;50;101,3067;100,0000;0,5271;0,3323;0,0000;0,0000;0,0080;0,2869;0,1357;0,4607;4,1661;1,9593;1,9593;6;2,4005;0,7571;0,8822;0,7403;4,5801;0,3348;0,3169;0,8167;0;13,0673;0,0000;0;0;349;30
120;125,1922;Prey;50;101,3213;100,0000;0,4592;0,2934;0,0000;0,0000;0,0080;0,2869;0,1357;0,4607;4,1661;1,9593;1,9593;6;2,4005;0,7571;0,8822;0,7403;4,5801;0,3348;0,3169;0,8167;0;13,2130;0,0000;0;0;348;29
121;126,2085;Prey;50;101,2704;100,0000;0,3964;0,2561;0,0000;0,0000;0,0080;0,2869;0,1357;0,4607;4,1661;1,9593;1,9593;6;2,4005;0,7571;0,8822;0,7403;4,5801;0,3348;0,3169;0,8167;0;12,7045;0,0000;0;0;347;28
122;127,2304;Prey;50;101,2773;100,0000;0,3328;0,2185;0,0000;0,0000;0,0080;0,2869;0,1357;0,4607;4,1661;1,9593;1,9593;6;2,4005;0,7571;0,8822;0,7403;4,5801;0,3348;0,3169;0,8167;0;12,7730;0,0000;0;0;347;28
123;128,2658;Prey;50;101,2942;100,0000;0,2663;0,1805;0,0000;0,0000;0,0080;0,2869;0,1357;0,4607;4,1661;1,9593;1,9593;6;2,4005;0,7571;0,8822;0,7403;4,5801;0,3348;0,3169;0,8167;0;12,9421;0,0000;0;0;344;27
124;129,3216;Prey;50;101,3198;100,0000;0,1989;0,1416;0,0000;0,0000;0,0080;0,2869;0,1357;0,4607;4,1661;1,9593;1,9593;6;2,4005;0,7571;0,8822;0,7403;4,5801;0,3348;0,3169;0,8167;0;13,1977;0,0000;0;0;343;27
125;130,3264;Prey;76;280,2083;100,0000;0,5060;0,1959;0,0000;0,0000;0,0000;0,3726;0,2667;0,5541;3,9541;1,3799;1,3799;9;2,6532;0,6043;0,5774;1,1072;5,7575;0,4379;0,3223;0,6081;6;12,5600;0,0000;0;0;341;39
126;131,3274;Prey;83;100,6957;100,0000;0,9082;0,5164;0,0000;0,0000;0,3574;0,2665;0,1370;0,2872;4,7409;0,9228;0,9228;12;2,8835;0,7422;0,6357;0,8065;5,9426;0,2521;0,3044;0,5513;0;12,5108;0,0000;0;0;340;37
127;132,3277;Prey;75;288,4752;79,4031;0,5618;0,9448;0,0000;0,2370;0,0200;0,3488;0,0000;0,7249;4,0916;1,3777;1,3777;6;2,6511;0,6121;0,6037;0,7198;6,9404;0,3951;0,4214;0,6379;7;12,5031;0,0000;0;0;340;44
128;133,3279;Prey;123;99,9294;100,0000;0,8518;0,9459;0,0022;0,0000;0,0219;0,4811;0,2835;0,4889;4,0193;1,3649;1,3649;5;4,4283;0,5000;0,5446;0,5143;5,8326;0,4360;0,3275;0,5752;0;12,5044;0,0000;0;0;339;42
129;134,3944;Prey;123;100,0107;100,0000;0,8175;0,9196;0,0022;0,0000;0,0219;0,4811;0,2835;0,4889;4,0193;1,3649;1,3649;5;4,4283;0,5000;0,5446;0,5143;5,8326;0,4360;0,3275;0,5752;0;13,3287;0,0000;0;0;339;42
130;135,4141;Prey;123;99,9352;100,0000;0,7874;0,8928;0,0022;0,0000;0,0219;0,4811;0,2835;0,4889;4,0193;1,3649;1,3649;5;4,4283;0,5000;0,5446;0,5143;5,8326;0,4360;0,3275;0,5752;0;12,7458;0,0000;0;0;338;42
131;136,4624;Prey;130;99,9489;100,0000;0,8538;0,8298;0,0000;0,0000;0,0250;0,5805;0,2532;0,4737;2,0000;1,3615;1,3615;7;4,5998;0,5000;0,5833;0,8845;7,0974;0,4009;0,3662;0,5867;0;13,1040;0,0000;0;0;336;42
132;137,5207;Prey;130;100,0942;100,0000;0,8227;0,7958;0,0000;0,0000;0,0250;0,5805;0,2532;0,4737;2,0000;1,3615;1,3615;7;4,5998;0,5000;0,5833;0,8845;7,0974;0,4009;0,3662;0,5867;0;13,2295;0,0000;0;0;336;41
133;138,5439;Prey;130;100,1727;100,0000;0,7927;0,7650;0,0000;0,0000;0,0250;0,5805;0,2532;0,4737;2,0000;1,3615;1,3615;7;4,5998;0,5000;0,5833;0,8845;7,0974;0,4009;0,3662;0,5867;0;12,7897;0,0000;0;0;335;40
134;139,5495;Prey;130;100,1168;100,0000;0,7632;0,7315;0,0000;0,0000;0,0250;0,5805;0,2532;0,4737;2,0000;1,3615;1,3615;7;4,5998;0,5000;0,5833;0,8845;7,0974;0,4009;0,3662;0,5867;0;12,5708;0,0000;0;0;333;40
135;140,6150;Prey;130;100,1745;100,0000;0,9947;0,6994;0,0000;0,0000;0,0250;0,5805;0,2532;0,4737;2,0000;1,3615;1,3615;7;4,5998;0,5000;0,5833;0,8845;7,0974;0,4009;0,3662;0,5867;0;13,3185;0,0000;0;0;332;40
136;141,6340;Prey;130;100,0823;100,0000;0,9609;0,6746;0,0000;0,0000;0,0250;0,5805;0,2532;0,4737;2,0000;1,3615;1,3615;7;4,5998;0,5000;0,5833;0,8845;7,0974;0,4009;0,3662;0,5867;0;12,7370;0,0000;0;0;330;40
137;142,6992;Prey;130;100,2493;100,0000;0,9162;0,6487;0,0000;0,0000;0,0250;0,5805;0,2532;0,4737;2,0000;1,3615;1,3615;7;4,5998;0,5000;0,5833;0,8845;7,0974;0,4009;0,3662;0,5867;0;13,3158;0,0000;0;0;328;39
138;143,7311;Prey;130;100,1378;100,0000;0,8752;0,6237;0,0000;0,0000;0,0250;0,5805;0,2532;0,4737;2,0000;1,3615;1,3615;7;4,5998;0,5000;0,5833;0,8845;7,0974;0,4009;0,3662;0,5867;0;12,8985;0,0000;0;0;324;39
139;144,8607;Prey;86;306,5465;100,0000;0,9487;0,9380;0,0000;1,0000;0,0476;0,4542;0,1920;0,4033;4,9530;2,3419;2,3419;4;3,4824;0,5000;0,6374;1,1861;7,4217;0,2769;0,2392;0,6556;7;14,1195;0,0000;0;0;359;52
140;145,8721;Prey;130;99,1565;100,0000;0,7738;0,5716;0,0000;0,0000;0,0250;0,5805;0,2532;0,4737;2,0000;1,3615;1,3615;7;4,5998;0,5000;0,5833;0,8845;7,0974;0,4009;0,3662;0,5867;0;12,6423;0,0000;0;0;359;52
141;146,9463;Prey;130;99,2351;100,0000;0,7411;0,5405;0,0000;0,0000;0,0250;0,5805;0,2532;0,4737;2,0000;1,3615;1,3615;7;4,5998;0,5000;0,5833;0,8845;7,0974;0,4009;0,3662;0,5867;0;13,4282;0,0000;0;0;359;52
142;148,0104;Prey;130;99,3144;100,0000;0,6965;0,5146;0,0000;0,0000;0,0250;0,5805;0,2532;0,4737;2,0000;1,3615;1,3615;7;4,5998;0,5000;0,5833;0,8845;7,0974;0,4009;0,3662;0,5867;0;13,3004;0,0000;0;0;359;51
143;149,0848;Prey;130;99,3007;100,0000;0,6441;0,4885;0,0000;0,0000;0,0250;0,5805;0,2532;0,4737;2,0000;1,3615;1,3615;7;4,5998;0,5000;0,5833;0,8845;7,0974;0,4009;0,3662;0,5867;0;13,4304;0,0000;0;0;357;51
144;150,0856;Prey;130;99,2632;100,0000;0,5937;0,4642;0,0000;0,0000;0,0250;0,5805;0,2532;0,4737;2,0000;1,3615;1,3615;7;4,5998;0,5000;0,5833;0,8845;7,0974;0,4009;0,3662;0,5867;0;12,5104;0,0000;0;0;354;50
145;151,1010;Prey;130;99,2677;100,0000;0,5384;0,4395;0,0000;0,0000;0,0250;0,5805;0,2532;0,4737;2,0000;1,3615;1,3615;7;4,5998;0,5000;0,5833;0,8845;7,0974;0,4009;0,3662;0,5867;0;12,6917;0,0000;0;0;353;50
146;152,1368;Prey;117;99,4826;100,0000;0,9871;0,3954;0,0813;0,0000;0,0180;0,3655;0,0000;0,5159;2,4435;0,6634;0,6634;12;3,2458;0,9149;0,6815;1,2142;5,2654;0,5525;0,3909;0,5376;0;12,9487;0,0000;0;0;352;50
147;153,1725;Prey;117;99,3244;100,0000;0,8875;0,3660;0,0813;0,0000;0,0180;0,3655;0,0000;0,5159;2,4435;0,6634;0,6634;12;3,2458;0,9149;0,6815;1,2142;5,2654;0,5525;0,3909;0,5376;0;12,9457;0,0000;0;0;349;50
148;154,1796;Prey;130;99,1757;100,0000;0,4426;0,3527;0,0000;0,0000;0,0250;0,5805;0,2532;0,4737;2,0000;1,3615;1,3615;7;4,5998;0,5000;0,5833;0,8845;7,0974;0,4009;0,3662;0,5867;0;12,5883;0,0000;0;0;347;50
149;155,2281;Prey;130;99,2962;100,0000;0,4097;0,9772;0,0000;0,0000;0,0250;0,5805;0,2532;0,4737;2,0000;1,3615;1,3615;7;4,5998;0,5000;0,5833;0,8845;7,0974;0,4009;0,3662;0,5867;0;13,1069;0,0000;0;0;345;49
150;156,2583;Prey;130;99,2455;100,0000;0,3736;0,9521;0,0000;0,0000;0,0250;0,5805;0,2532;0,4737;2,0000;1,3615;1,3615;7;4,5998;0,5000;0,5833;0,8845;7,0974;0,4009;0,3662;0,5867;0;12,8782;0,0000;0;0;343;49
151;157,3069;Prey;130;99,2267;100,0000;0,9891;0,9266;0,0000;0,0000;0,0250;0,5805;0,2532;0,4737;2,0000;1,3615;1,3615;7;4,5998;0,5000;0,5833;0,8845;7,0974;0,4009;0,3662;0,5867;0;13,1065;0,0000;0;0;340;49
152;158,3587;Prey;130;99,3293;100,0000;0,9355;0,9011;0,0000;0,0000;0,0250;0,5805;0,2532;0,4737;2,0000;1,3615;1,3615;7;4,5998;0,5000;0,5833;0,8845;7,0974;0,4009;0,3662;0,5867;0;13,1483;0,0000;0;0;340;48
153;159,4359;Prey;130;99,3326;100,0000;0,8788;0,8749;0,0000;0,0000;0,0250;0,5805;0,2532;0,4737;2,0000;1,3615;1,3615;7;4,5998;0,5000;0,5833;0,8845;7,0974;0,4009;0,3662;0,5867;0;13,4651;0,0000;0;0;338;48
154;160,4963;Prey;50;245,0386;98,9619;0,3552;0,6752;0,0000;0,0000;0,0160;0,3012;0,2015;0,4190;4,1661;1,9593;1,9593;6;2,4005;0,7571;0,8822;0,7403;4,5801;0,3348;0,3169;0,8167;5;13,2550;0,0000;0;0;336;52
155;161,5350;Prey;130;98,9623;100,0000;0,7516;0,8239;0,0000;0,0000;0,0250;0,5805;0,2532;0,4737;2,0000;1,3615;1,3615;7;4,5998;0,5000;0,5833;0,8845;7,0974;0,4009;0,3662;0,5867;0;12,9830;0,0000;0;0;335;51
156;162,5938;Prey;130;98,9742;100,0000;0,6779;0,7981;0,0000;0,0000;0,0250;0,5805;0,2532;0,4737;2,0000;1,3615;1,3615;7;4,5998;0,5000;0,5833;0,8845;7,0974;0,4009;0,3662;0,5867;0;13,2353;0,0000;0;0;334;51
157;163,6568;Prey;130;98,9528;100,0000;0,6206;0,7723;0,0000;0,0000;0,0250;0,5805;0,2532;0,4737;2,0000;1,3615;1,3615;7;4,5998;0,5000;0,5833;0,8845;7,0974;0,4009;0,3662;0,5867;0;13,2881;0,0000;0;0;332;51
158;164,6678;Prey;130;98,8610;100,0000;0,5581;0,7477;0,0000;0,0000;0,0250;0,5805;0,2532;0,4737;2,0000;1,3615;1,3615;7;4,5998;0,5000;0,5833;0,8845;7,0974;0,4009;0,3662;0,5867;0;12,6371;0,0000;0;0;330;51
159;165,7511;Prey;130;98,9514;100,0000;0,4914;0,7214;0,0000;0,0000;0,0250;0,5805;0,2532;0,4737;2,0000;1,3615;1,3615;7;4,5998;0,5000;0,5833;0,8845;7,0974;0,4009;0,3662;0,5867;0;13,5409;0,0000;0;0;330;51
160;166,8461;Prey;130;98,9393;100,0000;0,4315;0,6948;0,0000;0,0000;0,0250;0,5805;0,2532;0,4737;2,0000;1,3615;1,3615;7;4,5998;0,5000;0,5833;0,8845;7,0974;0,4009;0,3662;0,5867;0;13,6868;0,0000;0;0;328;51
161;167,8663;Prey;130;98,8326;100,0000;0,3914;0,6700;0,0000;0,0000;0,0250;0,5805;0,2532;0,4737;2,0000;1,3615;1,3615;7;4,5998;0,5000;0,5833;0,8845;7,0974;0,4009;0,3662;0,5867;0;12,7535;0,0000;0;0;327;51
162;168,9789;Prey;130;99,9534;100,0000;0,9640;0,6429;0,0000;0,0000;0,0250;0,5805;0,2532;0,4737;2,0000;1,3615;1,3615;7;4,5998;0,5000;0,5833;0,8845;7,0974;0,4009;0,3662;0,5867;0;13,9062;0,0000;0;0;355;45
163;170,0034;Prey;107;217,7922;88,2441;0,0000;0,3532;0,3280;1,0000;0,0003;0,4672;0,1625;0,4650;4,2926;1,6751;1,6751;6;2,4655;0,7519;0,8822;0,7906;4,5969;0,5145;0,3265;0,8327;5;12,8061;0,0000;0;0;353;51
164;171,1182;Prey;130;99,2578;100,0000;0,8962;0,5891;0,0000;0,0000;0,0250;0,5805;0,2532;0,4737;2,0000;1,3615;1,3615;7;4,5998;0,5000;0,5833;0,8845;7,0974;0,4009;0,3662;0,5867;0;13,9351;0,0000;0;0;350;51
165;172,1183;Prey;130;99,0877;100,0000;0,8662;0,5627;0,0000;0,0000;0,0250;0,5805;0,2532;0,4737;2,0000;1,3615;1,3615;7;4,5998;0,5000;0,5833;0,8845;7,0974;0,4009;0,3662;0,5867;0;12,5013;0,0000;0;0;348;51
166;173,1778;Prey;130;99,1485;100,0000;0,8142;0,5369;0,0000;0,0000;0,0250;0,5805;0,2532;0,4737;2,0000;1,3615;1,3615;7;4,5998;0,5000;0,5833;0,8845;7,0974;0,4009;0,3662;0,5867;0;13,2428;0,0000;0;0;347;51
167;174,1855;Prey;130;99,0705;100,0000;0,7606;0,5124;0,0000;0,0000;0,0250;0,5805;0,2532;0,4737;2,0000;1,3615;1,3615;7;4,5998;0,5000;0,5833;0,8845;7,0974;0,4009;0,3662;0,5867;0;12,5964;0,0000;0;0;346;51
168;175,2581;Prey;130;99,1516;100,0000;0,6877;0,4864;0,0000;0,0000;0,0250;0,5805;0,2532;0,4737;2,0000;1,3615;1,3615;7;4,5998;0,5000;0,5833;0,8845;7,0974;0,4009;0,3662;0,5867;0;13,4077;0,0000;0;0;346;51
169;176,3097;Prey;130;99,1253;100,0000;0,6161;0,4608;0,0000;0,0000;0,0250;0,5805;0,2532;0,4737;2,0000;1,3615;1,3615;7;4,5998;0,5000;0,5833;0,8845;7,0974;0,4009;0,3662;0,5867;0;13,1443;0,0000;0;0;346;51
170;177,3381;Prey;130;99,0831;100,0000;0,5472;0,4358;0,0000;0,0000;0,0250;0,5805;0,2532;0,4737;2,0000;1,3615;1,3615;7;4,5998;0,5000;0,5833;0,8845;7,0974;0,4009;0,3662;0,5867;0;12,8561;0,0000;0;0;345;51
171;178,3747;Prey;130;99,0398;100,0000;0,4764;0,4106;0,0000;0,0000;0,0250;0,5805;0,2532;0,4737;2,0000;1,3615;1,3615;7;4,5998;0,5000;0,5833;0,8845;7,0974;0,4009;0,3662;0,5867;0;12,9570;0,0000;0;0;341;51
172;179,4191;Prey;130;99,0590;100,0000;0,4141;0,3852;0,0000;0,0000;0,0250;0,5805;0,2532;0,4737;2,0000;1,3615;1,3615;7;4,5998;0,5000;0,5833;0,8845;7,0974;0,4009;0,3662;0,5867;0;13,0550;0,0000;0;0;335;50
173;180,4954;Prey;130;99,0580;100,0000;0,3486;0,3591;0,0000;0,0000;0,0250;0,5805;0,2532;0,4737;2,0000;1,3615;1,3615;7;4,5998;0,5000;0,5833;0,8845;7,0974;0,4009;0,3662;0,5867;0;13,4536;0,0000;0;0;332;50
174;181,5104;Prey;130;98,9541;100,0000;0,2828;0,3344;0,0000;0,0000;0,0250;0,5805;0,2532;0,4737;2,0000;1,3615;1,3615;7;4,5998;0,5000;0,5833;0,8845;7,0974;0,4009;0,3662;0,5867;0;12,6876;0,0000;0;0;330;50
175;182,5108;Prey;75;287,0285;79,4031;0,4967;0,9743;0,0000;0,0000;0,0210;0,3584;0,0000;0,3528;4,0916;1,3777;1,3777;6;2,6511;0,6121;0,6037;0,7198;6,9404;0,3951;0,4214;0,6379;7;12,5024;0,0000;0;0;325;57
176;183,5446;Prey;130;98,3301;100,0000;0,9289;0,9925;0,0000;0,0000;0,0250;0,5805;0,2532;0,4737;2,0000;1,3615;1,3615;7;4,5998;0,5000;0,5833;0,8845;7,0974;0,4009;0,3662;0,5867;0;12,9201;0,0000;0;0;322;57
177;184,5544;Prey;117;98,5183;100,0000;0,4274;0,9954;0,0000;1,0000;0,0162;0,3225;0,0995;0,5429;2,4435;0,6634;0,6634;12;3,2458;0,9149;0,6815;1,2142;5,2654;0,5525;0,3909;0,5376;0;12,6229;0,0000;0;0;321;57
178;185,5550;Prey;130;98,2649;100,0000;0,8242;0,9437;0,0000;0,0000;0,0250;0,5805;0,2532;0,4737;2,0000;1,3615;1,3615;7;4,5998;0,5000;0,5833;0,8845;7,0974;0,4009;0,3662;0,5867;0;12,5072;0,0000;0;0;320;57
179;186,5668;Prey;130;98,2670;100,0000;0,7608;0,9191;0,0000;0,0000;0,0250;0,5805;0,2532;0,4737;2,0000;1,3615;1,3615;7;4,5998;0,5000;0,5833;0,8845;7,0974;0,4009;0,3662;0,5867;0;12,6476;0,0000;0;0;319;57
180;187,5934;Prey;130;98,2496;100,0000;0,7008;0,8941;0,0000;0,0000;0,0250;0,5805;0,2532;0,4737;2,0000;1,3615;1,3615;7;4,5998;0,5000;0,5833;0,8845;7,0974;0,4009;0,3662;0,5867;0;12,8320;0,0000;0;0;316;57
181;188,6015;Prey;86;298,1837;100,0000;0,9180;0,6631;0,3044;1,0000;0,0577;0,3097;0,1482;0,4324;4,9530;2,3419;2,3419;4;3,4824;0,5000;0,6374;1,1861;7,4217;0,2769;0,2392;0,6556;7;12,6017;0,0000;0;0;314;64
182;189,6111;Prey;130;97,7731;100,0000;0,5936;0,8451;0,0000;0,0000;0,0250;0,5805;0,2532;0,4737;2,0000;1,3615;1,3615;7;4,5998;0,5000;0,5833;0,8845;7,0974;0,4009;0,3662;0,5867;0;12,6206;0,0000;0;0;312;64
183;190,6483;Prey;130;97,7969;100,0000;0,5402;0,8199;0,0000;0,0000;0,0250;0,5805;0,2532;0,4737;2,0000;1,3615;1,3615;7;4,5998;0,5000;0,5833;0,8845;7,0974;0,4009;0,3662;0,5867;0;12,9644;0,0000;0;0;311;64
184;191,6612;Prey;130;97,7347;100,0000;0,4939;0,7953;0,0000;0,0000;0,0250;0,5805;0,2532;0,4737;2,0000;1,3615;1,3615;7;4,5998;0,5000;0,5833;0,8845;7,0974;0,4009;0,3662;0,5867;0;12,6619;0,0000;0;0;308;64
185;192,6816;Prey;130;98,0417;100,0000;0,4493;0,7705;0,0000;0,0000;0,0250;0,5805;0,2532;0,4737;2,0000;1,3615;1,3615;7;4,5998;0,5000;0,5833;0,8845;7,0974;0,4009;0,3662;0,5867;0;12,7539;0,0000;0;0;336;64
186;193,7582;Prey;115;300,1329;100,0000;0,4376;0,7373;0,0000;0,2158;0,0015;0,5450;0,2205;0,5436;2,6078;2,1989;2,1989;8;4,6414;0,8609;0,6763;1,1393;6,6416;0,5017;0,3470;0,5731;7;13,4581;0,0000;0;0;332;71
187;194,8012;Prey;117;98,0552;100,0000;0,5481;0,7044;0,0000;0,0000;0,0000;0,2898;0,1297;0,6181;2,4435;0,6634;0,6634;12;3,2458;0,9149;0,6815;1,2142;5,2654;0,5525;0,3909;0,5376;0;13,0370;0,0000;0;0;330;71
188;195,8550;Prey;124;306,0182;100,0000;0,6906;0,7264;0,0000;0,0000;0,0303;0,2970;0,1350;0,4682;2,8550;1,3787;1,3787;8;3,3148;0,6603;0,5687;0,7971;6,9469;0,4057;0,4444;0,6598;7;13,1723;0,0000;0;0;326;78
189;196,8585;Prey;117;97,6827;100,0000;0,4186;0,6460;0,0000;0,0000;0,0000;0,2898;0,1297;0,6181;2,4435;0,6634;0,6634;12;3,2458;0,9149;0,6815;1,2142;5,2654;0,5525;0,3909;0,5376;0;12,5433;0,0000;0;0;321;78
190;197,8918;Prey;117;97,6888;100,0000;0,3485;0,6166;0,0000;0,0000;0,0000;0,2898;0,1297;0,6181;2,4435;0,6634;0,6634;12;3,2458;0,9149;0,6815;1,2142;5,2654;0,5525;0,3909;0,5376;0;12,9164;0,0000;0;0;317;78
191;198,9292;Prey;117;97,6785;100,0000;0,2778;0,5872;0,0000;0,0000;0,0000;0,2898;0,1297;0,6181;2,4435;0,6634;0,6634;12;3,2458;0,9149;0,6815;1,2142;5,2654;0,5525;0,3909;0,5376;0;12,9685;0,0000;0;0;315;78
192;199,9536;Prey;126;306,3745;100,0000;0,2797;0,5530;0,0000;0,0000;0,0543;0,2982;0,1219;0,3618;3,9544;1,3690;1,3690;5;3,6812;0,5463;0,6033;0,8738;6,8911;0,3930;0,4359;0,6158;7;12,8038;0,0000;0;0;313;91
193;200,9784;Prey;117;97,2792;100,0000;0,8826;0,5290;0,0000;0,0000;0,0000;0,2898;0,1297;0,6181;2,4435;0,6634;0,6634;12;3,2458;0,9149;0,6815;1,2142;5,2654;0,5525;0,3909;0,5376;0;12,8108;0,0000;0;0;310;91
194;202,0492;Prey;82;260,6213;96,7615;0,5292;0,9289;0,6704;0,6441;0,0070;0,4438;0,1998;0,4137;2,0211;3,1045;3,1045;10;2,8974;0,5591;0,6205;0,8866;6,3770;0,4156;0,3988;0,6005;6;13,3847;0,0000;0;0;309;97
195;203,0888;Prey;117;97,1447;100,0000;0,6927;0,4690;0,0000;0,0000;0,0000;0,2898;0,1297;0,6181;2,4435;0,6634;0,6634;12;3,2458;0,9149;0,6815;1,2142;5,2654;0,5525;0,3909;0,5376;0;12,9953;0,0000;0;0;306;97
196;204,1545;Prey;117;97,1524;100,0000;0,5847;0,4388;0,0000;0,0000;0,0000;0,2898;0,1297;0,6181;2,4435;0,6634;0,6634;12;3,2458;0,9149;0,6815;1,2142;5,2654;0,5525;0,3909;0,5376;0;13,3218;0,0000;0;0;302;97
197;205,1545;Prey;117;97,0453;100,0000;0,4820;0,4104;0,0000;0,0000;0,0000;0,2898;0,1297;0,6181;2,4435;0,6634;0,6634;12;3,2458;0,9149;0,6815;1,2142;5,2654;0,5525;0,3909;0,5376;0;12,5016;0,0000;0;0;298;97
198;206,1793;Prey;117;97,0635;100,0000;0,3643;0,3813;0,0000;0,0000;0,0000;0,2898;0,1297;0,6181;2,4435;0,6634;0,6634;12;3,2458;0,9149;0,6815;1,2142;5,2654;0,5525;0,3909;0,5376;0;12,8084;0,0000;0;0;296;97
199;207,2502;Prey;107;210,3033;75,7678;0,6969;0,6980;0,6033;0,8437;0,0296;0,0000;0,2280;0,2730;4,2926;1,6751;1,6751;6;2,4655;0,7519;0,8822;0,7906;4,5969;0,5145;0,3265;0,8327;5;13,3868;0,0000;0;0;294;102
200;208,2580;Prey;50;238,6366;98,9619;0,7636;0,6096;0,2177;0,0000;0,0320;0,4207;0,1109;0,2429;4,1661;1,9593;1,9593;6;2,4005;0,7571;0,8822;0,7403;4,5801;0,3348;0,3169;0,8167;5;12,5977;0,0000;0;0;290;107
201;209,2750;Prey;117;96,8467;100,0000;0,8114;0,2934;0,0000;0,0000;0,0000;0,2898;0,1297;0,6181;2,4435;0,6634;0,6634;12;3,2458;0,9149;0,6815;1,2142;5,2654;0,5525;0,3909;0,5376;0;12,7120;0,0000;0;0;290;107
202;210,3052;Prey;117;96,8406;100,0000;0,7048;0,2641;0,0000;0,0000;0,0000;0,2898;0,1297;0,6181;2,4435;0,6634;0,6634;12;3,2458;0,9149;0,6815;1,2142;5,2654;0,5525;0,3909;0,5376;0;12,8775;0,0000;0;0;286;107
203;211,3647;Prey;117;96,8602;100,0000;0,5878;0,2340;0,0000;0,0000;0,0000;0,2898;0,1297;0,6181;2,4435;0,6634;0,6634;12;3,2458;0,9149;0,6815;1,2142;5,2654;0,5525;0,3909;0,5376;0;13,2438;0,0000;0;0;283;107
204;212,4192;Prey;117;96,8369;100,0000;0,4673;0,2041;0,0000;0,0000;0,0000;0,2898;0,1297;0,6181;2,4435;0,6634;0,6634;12;3,2458;0,9149;0,6815;1,2142;5,2654;0,5525;0,3909;0,5376;0;13,1811;0,0000;0;0;280;107
205;213,4605;Prey;68;182,6048;16,4682;0,6819;0,9065;1,0000;0,7022;0,0056;0,2161;0,1429;0,4566;2,5605;1,1274;1,1274;6;1,5915;1,0656;0,6754;0,6146;6,4292;0,5715;0,3356;0,5153;6;13,0165;0,0000;0;0;276;113
206;214,5182;Prey;117;96,7081;100,0000;0,2249;0,1445;0,0000;0,0000;0,0000;0,2898;0,1297;0,6181;2,4435;0,6634;0,6634;12;3,2458;0,9149;0,6815;1,2142;5,2654;0,5525;0,3909;0,5376;0;13,2203;0,0000;0;0;271;113
207;215,5837;Prey;117;96,7019;100,0000;0,9086;0,1142;0,0000;0,0000;0,0000;0,2898;0,1297;0,6181;2,4435;0,6634;0,6634;12;3,2458;0,9149;0,6815;1,2142;5,2654;0,5525;0,3909;0,5376;0;13,3194;0,0000;0;0;268;113
208;216,5836;Prey;117;96,7008;100,0000;0,8011;0,9876;0,0000;0,0000;0,0000;0,2898;0,1297;0,6181;2,4435;0,6634;0,6634;12;3,2458;0,9149;0,6815;1,2142;5,2654;0,5525;0,3909;0,5376;0;12,5023;0,0000;0;0;283;113
209;217,5837;Prey;117;96,6903;100,0000;0,6888;0,9592;0,0000;0,0000;0,0000;0,2898;0,1297;0,6181;2,4435;0,6634;0,6634;12;3,2458;0,9149;0,6815;1,2142;5,2654;0,5525;0,3909;0,5376;0;12,5049;0,0000;0;0;281;113
210;218,5838;Prey;117;96,6470;100,0000;0,5819;0,9308;0,0000;0,0000;0,0000;0,2898;0,1297;0,6181;2,4435;0,6634;0,6634;12;3,2458;0,9149;0,6815;1,2142;5,2654;0,5525;0,3909;0,5376;0;12,5020;0,0000;0;0;273;113
211;219,6097;Prey;117;96,6631;100,0000;0,4978;0,9017;0,0000;0,0000;0,0000;0,2898;0,1297;0,6181;2,4435;0,6634;0,6634;12;3,2458;0,9149;0,6815;1,2142;5,2654;0,5525;0,3909;0,5376;0;12,8236;0,0000;0;0;270;113
212;220,6356;Prey;117;96,6201;100,0000;0,3989;0,8725;0,0000;0,0000;0,0000;0,2898;0,1297;0,6181;2,4435;0,6634;0,6634;12;3,2458;0,9149;0,6815;1,2142;5,2654;0,5525;0,3909;0,5376;0;12,8234;0,0000;0;0;262;113
213;221,6432;Prey;146;301,1499;100,0000;0,8971;0,8101;0,5975;0,2285;0,9664;0,4360;0,4558;0,0312;4,9867;1,7113;1,7113;7;2,2179;0,6200;0,8106;0,6137;7,1516;0,4997;0,3020;0,5454;7;12,5948;0,0000;0;0;259;120
214;222,6649;Prey;117;96,4923;100,0000;0,9438;0,8149;0,0000;0,0000;0,0000;0,2898;0,1297;0,6181;2,4435;0,6634;0,6634;12;3,2458;0,9149;0,6815;1,2142;5,2654;0,5525;0,3909;0,5376;0;12,7706;0,0000;0;0;254;120
215;223,6776;Prey;117;96,4558;100,0000;0,8401;0,7861;0,0000;0,0000;0,0000;0,2898;0,1297;0,6181;2,4435;0,6634;0,6634;12;3,2458;0,9149;0,6815;1,2142;5,2654;0,5525;0,3909;0,5376;0;12,6586;0,0000;0;0;249;120
216;224,7094;Prey;117;96,4392;100,0000;0,7472;0,7568;0,0000;0,0000;0,0000;0,2898;0,1297;0,6181;2,4435;0,6634;0,6634;12;3,2458;0,9149;0,6815;1,2142;5,2654;0,5525;0,3909;0,5376;0;12,8973;0,0000;0;0;241;120
217;225,7271;Prey;117;96,4064;100,0000;0,6578;0,7279;0,0000;0,0000;0,0000;0,2898;0,1297;0,6181;2,4435;0,6634;0,6634;12;3,2458;0,9149;0,6815;1,2142;5,2654;0,5525;0,3909;0,5376;0;12,7208;0,0000;0;0;238;120
218;226,7806;Prey;75;275,4262;79,4031;0,8458;0,6201;0,6867;0,8985;0,1411;0,2328;0,0576;0,3625;4,0916;1,3777;1,3777;6;2,6511;0,6121;0,6037;0,7198;6,9404;0,3951;0,4214;0,6379;7;13,1690;0,0000;0;0;234;127
219;227,8271;Prey;147;333,9308;100,0000;0,8129;0,2929;0,0000;0,0000;0,0040;0,4018;0,0000;0,2013;2,5280;1,7382;1,7382;6;6,5123;0,5107;0,6112;1,0829;7,8434;0,5484;0,3375;0,6480;8;13,0810;0,0000;0;0;228;135
220;228,9118;Prey;117;96,3010;100,0000;0,3242;0,6375;0,0000;0,0000;0,0000;0,2898;0,1297;0,6181;2,4435;0,6634;0,6634;12;3,2458;0,9149;0,6815;1,2142;5,2654;0,5525;0,3909;0,5376;0;13,5590;0,0000;0;0;224;134
221;229,9496;Prey;117;96,2317;100,0000;0,2276;0,6080;0,0000;0,0000;0,0000;0,2898;0,1297;0,6181;2,4435;0,6634;0,6634;12;3,2458;0,9149;0,6815;1,2142;5,2654;0,5525;0,3909;0,5376;0;12,9727;0,0000;0;0;220;133
222;230,9966;Prey;117;96,2113;100,0000;0,9206;0,5783;0,0000;0,0000;0,0000;0,2898;0,1297;0,6181;2,4435;0,6634;0,6634;12;3,2458;0,9149;0,6815;1,2142;5,2654;0,5525;0,3909;0,5376;0;13,0882;0,0000;0;0;213;133
223;232,0056;Prey;235;97,7049;100,0000;0,6907;0,8376;0,0000;0,0000;0,0000;0,3489;0,1197;0,4325;2,1457;0,7998;0,7998;5;3,4625;0,5266;0,6953;1,3166;7,0670;0,3540;0,4150;0,6797;0;12,6114;0,0000;0;0;207;133
224;233,0347;Prey;144;318,1746;87,2584;0,4226;0,3784;0,4742;0,0201;0,0000;0,3949;0,1237;0,5043;4,3731;1,3932;1,3932;6;3,4817;0,5007;0,8023;1,0960;7,5010;0,5550;0,2928;0,6669;8;12,8643;0,0000;0;0;204;148
225;234,0856;Prey;235;97,6624;100,0000;0,5764;0,7774;0,0000;0,0000;0,0000;0,3489;0,1197;0,4325;2,1457;0,7998;0,7998;5;3,4625;0,5266;0,6953;1,3166;7,0670;0,3540;0,4150;0,6797;0;13,1356;0,0000;0;0;197;148
226;235,1105;Prey;235;97,6243;100,0000;0,5162;0,7477;0,0000;0,0000;0,0000;0,3489;0,1197;0,4325;2,1457;0,7998;0,7998;5;3,4625;0,5266;0,6953;1,3166;7,0670;0,3540;0,4150;0,6797;0;12,8111;0,0000;0;0;195;148
227;236,1861;Prey;235;97,6763;100,0000;0,9945;0,7165;0,0000;0,0000;0,0000;0,3489;0,1197;0,4325;2,1457;0,7998;0,7998;5;3,4625;0,5266;0,6953;1,3166;7,0670;0,3540;0,4150;0,6797;0;13,4449;0,0000;0;0;191;148
228;237,2386;Prey;235;97,6389;100,0000;0,9359;0,6860;0,0000;0,0000;0,0000;0,3489;0,1197;0,4325;2,1457;0,7998;0,7998;5;3,4625;0,5266;0,6953;1,3166;7,0670;0,3540;0,4150;0,6797;0;13,1567;0,0000;0;0;188;148
229;238,2534;Prey;235;97,5833;100,0000;0,8846;0,6566;0,0000;0,0000;0,0000;0,3489;0,1197;0,4325;2,1457;0,7998;0,7998;5;3,4625;0,5266;0,6953;1,3166;7,0670;0,3540;0,4150;0,6797;0;12,6857;0,0000;0;0;185;148
230;239,3257;Prey;115;294,2439;100,0000;0,8521;0,9596;0,0000;0,4950;0,3722;0,3298;0,3983;0,4186;2,6078;2,1989;2,1989;8;4,6414;0,8609;0,6763;1,1393;6,6416;0,5017;0,3470;0,5731;7;13,4026;0,0000;0;0;183;155
231;240,3523;Prey;235;97,5579;100,0000;0,7709;0,9900;0,0000;0,0000;0,0000;0,3489;0,1197;0,4325;2,1457;0,7998;0,7998;5;3,4625;0,5266;0,6953;1,3166;7,0670;0,3540;0,4150;0,6797;0;12,8324;0,0000;0;0;179;155
232;241,3578;Prey;126;304,4771;100,0000;0,3545;0,3634;0,0000;0,0000;0,0543;0,2982;0,1219;0,3618;3,9544;1,3690;1,3690;5;3,6812;0,5463;0,6033;0,8738;6,8911;0,3930;0,4359;0,6158;7;12,5697;0,0000;0;0;211;226
233;242,5519;Prey;156;194,9715;91,0985;1,0000;0,8485;1,0000;0,1683;0,0559;0,4310;0,0452;0,5377;3,3585;1,7160;1,7160;6;1,5916;1,0946;0,6553;0,8381;4,4475;0,5847;0,3213;0,5925;4;14,9263;0,0000;0;0;205;230
234;243,6459;Prey;159;298,0289;100,0000;0,3168;0,8908;0,0624;0,6222;0,0805;0,3221;0,1503;0,5183;5,5779;1,1924;1,1924;6;2,0990;1,0345;0,6066;0,7078;6,9753;0,5840;0,3091;0,5541;7;13,6749;0,0000;0;0;196;243
235;244,6461;Prey;107;208,0889;75,7678;0,5198;0,7754;1,0000;0,0000;0,1017;0,3854;0,0579;0,5156;4,2926;1,6751;1,6751;6;2,4655;0,7519;0,8822;0,7906;4,5969;0,5145;0,3265;0,8327;5;12,5039;0,0000;0;0;171;248
236;245,6463;Prey;269;98,4026;100,0000;0,9375;0,9659;0,0000;0,5636;0,0705;0,2985;0,1286;0,6355;3,1677;0,5000;0,5000;15;3,7885;0,5271;0,6477;0,8654;6,8163;0,4245;0,3830;0,5668;0;12,5056;0,0000;0;0;162;248
237;246,6468;Prey;269;98,0905;100,0000;0,8942;0,9389;0,0000;0,5636;0,0705;0,2985;0,1286;0,6355;3,1677;0,5000;0,5000;15;3,7885;0,5271;0,6477;0,8654;6,8163;0,4245;0,3830;0,5668;0;12,5023;0,0000;0;0;155;248
238;247,6703;Prey;269;97,8052;100,0000;0,8504;0,9113;0,0000;0,5636;0,0705;0,2985;0,1286;0,6355;3,1677;0,5000;0,5000;15;3,7885;0,5271;0,6477;0,8654;6,8163;0,4245;0,3830;0,5668;0;12,7946;0,0000;0;0;152;248
239;248,6875;Prey;269;97,4783;100,0000;0,8007;0,8838;0,0000;0,5636;0,0705;0,2985;0,1286;0,6355;3,1677;0,5000;0,5000;15;3,7885;0,5271;0,6477;0,8654;6,8163;0,4245;0,3830;0,5668;0;12,7148;0,0000;0;0;143;248
240;249,7046;Prey;235;97,2923;100,0000;0,9386;0,7191;0,0000;0,0000;0,0000;0,3489;0,1197;0,4325;2,1457;0,7998;0,7998;5;3,4625;0,5266;0,6953;1,3166;7,0670;0,3540;0,4150;0,6797;0;12,7140;0,0000;0;0;137;248
241;250,7147;Prey;235;97,2767;100,0000;0,9066;0,6898;0,0000;0,0000;0,0000;0,3489;0,1197;0,4325;2,1457;0,7998;0,7998;5;3,4625;0,5266;0,6953;1,3166;7,0670;0,3540;0,4150;0,6797;0;12,6262;0,0000;0;0;133;248
242;251,7290;Prey;235;97,2735;100,0000;0,8756;0,6604;0,0000;0,0000;0,0000;0,3489;0,1197;0,4325;2,1457;0,7998;0,7998;5;3,4625;0,5266;0,6953;1,3166;7,0670;0,3540;0,4150;0,6797;0;12,6790;0,0000;0;0;128;248
243;252,7571;Prey;235;97,2806;100,0000;0,8426;0,6306;0,0000;0,0000;0,0000;0,3489;0,1197;0,4325;2,1457;0,7998;0,7998;5;3,4625;0,5266;0,6953;1,3166;7,0670;0,3540;0,4150;0,6797;0;12,8514;0,0000;0;0;122;248
244;253,7744;Prey;235;97,2552;100,0000;0,8105;0,6012;0,0000;0,0000;0,0000;0,3489;0,1197;0,4325;2,1457;0,7998;0,7998;5;3,4625;0,5266;0,6953;1,3166;7,0670;0,3540;0,4150;0,6797;0;12,7171;0,0000;0;0;115;248
245;254,7987;Prey;235;97,2520;100,0000;0,7781;0,5715;0,0000;0,0000;0,0000;0,3489;0,1197;0,4325;2,1457;0,7998;0,7998;5;3,4625;0,5266;0,6953;1,3166;7,0670;0,3540;0,4150;0,6797;0;12,8035;0,0000;0;0;108;248
246;255,8254;Prey;235;97,2516;100,0000;0,7464;0,5416;0,0000;0,0000;0,0000;0,3489;0,1197;0,4325;2,1457;0,7998;0,7998;5;3,4625;0,5266;0,6953;1,3166;7,0670;0,3540;0,4150;0,6797;0;12,8340;0,0000;0;0;106;248
247;256,8554;Prey;50;235,8463;98,9619;0,4504;0,9879;0,0000;0,6686;0,2315;0,4150;0,0539;0,4624;4,1661;1,9593;1,9593;6;2,4005;0,7571;0,8822;0,7403;4,5801;0,3348;0,3169;0,8167;5;12,8739;0,0000;0;0;101;253
248;257,8615;Prey;82;249,5461;96,7615;0,2355;0,7992;1,0000;0,0694;0,0249;0,5205;0,0464;0,5209;2,0211;3,1045;3,1045;10;2,8974;0,5591;0,6205;0,8866;6,3770;0,4156;0,3988;0,6005;6;12,5760;0,0000;0;0;94;259
249;258,9054;Prey;235;97,2265;100,0000;0,6555;0,4479;0,0000;0,0000;0,0000;0,3489;0,1197;0,4325;2,1457;0,7998;0,7998;5;3,4625;0,5266;0,6953;1,3166;7,0670;0,3540;0,4150;0,6797;0;13,0490;0,0000;0;0;82;259
250;259,9305;Prey;235;97,1818;100,0000;0,6149;0,4182;0,0000;0,0000;0,0000;0,3489;0,1197;0,4325;2,1457;0,7998;0,7998;5;3,4625;0,5266;0,6953;1,3166;7,0670;0,3540;0,4150;0,6797;0;12,8133;0,0000;0;0;69;259
251;260,9863;Prey;235;97,2072;100,0000;0,5761;0,3876;0,0000;0,0000;0,0000;0,3489;0,1197;0,4325;2,1457;0,7998;0,7998;5;3,4625;0,5266;0,6953;1,3166;7,0670;0,3540;0,4150;0,6797;0;13,1976;0,0000;0;0;61;259
252;262,0277;Prey;235;97,1761;100,0000;0,5364;0,3574;0,0000;0,0000;0,0000;0,3489;0,1197;0,4325;2,1457;0,7998;0,7998;5;3,4625;0,5266;0,6953;1,3166;7,0670;0,3540;0,4150;0,6797;0;13,0172;0,0000;0;0;53;259
253;263,0281;Prey;235;97,1149;100,0000;0,4818;0,3284;0,0000;0,0000;0,0000;0,3489;0,1197;0,4325;2,1457;0,7998;0,7998;5;3,4625;0,5266;0,6953;1,3166;7,0670;0,3540;0,4150;0,6797;0;12,5027;0,0000;0;0;47;259
254;264,0286;Prey;235;97,1088;100,0000;0,4335;0,2995;0,0000;0,0000;0,0000;0,3489;0,1197;0,4325;2,1457;0,7998;0,7998;5;3,4625;0,5266;0,6953;1,3166;7,0670;0,3540;0,4150;0,6797;0;12,5006;0,0000;0;0;42;251
255;265,0288;Prey;235;97,1125;100,0000;0,3847;0,2705;0,0000;0,0000;0,0000;0,3489;0,1197;0,4325;2,1457;0,7998;0,7998;5;3,4625;0,5266;0,6953;1,3166;7,0670;0,3540;0,4150;0,6797;0;12,5041;0,0000;0;0;44;251
256;266,0583;Prey;235;97,1386;100,0000;0,3330;0,9932;0,0000;0,0000;0,0000;0,3489;0,1197;0,4325;2,1457;0,7998;0,7998;5;3,4625;0,5266;0,6953;1,3166;7,0670;0,3540;0,4150;0,6797;0;12,8657;0,0000;0;0;38;251
257;267,1935;Prey;211;258,5491;98,4467;0,5915;0,6639;0,0000;1,0000;0,1126;0,3087;0,2987;0,4741;4,6486;1,8079;1,8079;6;2,4701;0,8176;0,9035;0,8799;5,5701;0,3892;0,3548;0,6739;6;14,1891;0,0000;0;0;33;261
258;268,2071;Prey;75;282,3107;79,4031;0,0840;0,2875;0,0000;0,0000;0,0070;0,2929;0,2262;0,5047;4,0916;1,3777;1,3777;6;2,6511;0,6121;0,6037;0,7198;6,9404;0,3951;0,4214;0,6379;7;12,6698;0,0000;0;0;27;308
259;269,2575;Prey;147;310,0705;87,5410;0,3224;0,9297;0,8417;1,0000;0,0367;0,0000;0,0789;0,4008;2,5280;1,7382;1,7382;6;6,5123;0,5107;0,6112;1,0829;7,8434;0,5484;0,3375;0,6480;8;13,1311;0,0000;0;0;21;347
260;270,2805;Prey;185;302,4644;100,0000;0,1979;0,3526;0,0000;0,0000;0,0000;0,4626;0,0172;0,5336;2,5887;1,3784;1,3784;7;4,7673;0,6417;0,5973;1,0759;7,3025;0,5278;0,5306;0,6100;7;12,7869;0,0000;0;0;13;372
261;271,3887;Prey;182;304,4243;100,0000;0,2970;0,3866;0,0000;0,0000;0,0307;0,9905;0,1124;0,2084;2,7563;1,2672;1,2672;7;3,7219;0,5502;0,5723;0,9587;7,4076;0,3809;0,4742;0,6312;7;13,8532;0,0000;0;0;6;392
262;272,3887;Prey;269;98,6160;100,0000;0,4896;0,9810;0,0000;0,0000;0,0000;0,4700;0,0000;0,3246;3,1677;0,5000;0,5000;15;3,7885;0,5271;0,6477;0,8654;6,8163;0,4245;0,3830;0,5668;0;12,5008;0,0000;0;0;2;389
263;273,3904;Prey;269;98,6181;100,0000;0,4495;0,9539;0,0000;0,0000;0,0000;0,4700;0,0000;0,3246;3,1677;0,5000;0,5000;15;3,7885;0,5271;0,6477;0,8654;6,8163;0,4245;0,3830;0,5668;0;12,5217;0,0000;0;0;2;384
264;274,3916;Prey;269;98,6165;100,0000;0,4176;0,9269;0,0000;0,0000;0,0000;0,4700;0,0000;0,3246;3,1677;0,5000;0,5000;15;3,7885;0,5271;0,6477;0,8654;6,8163;0,4245;0,3830;0,5668;0;12,5052;0,0000;0;0;2;379
265;275,3929;Prey;269;98,6178;100,0000;0,3856;0,8997;0,0000;0,0000;0,0000;0,4700;0,0000;0,3246;3,1677;0,5000;0,5000;15;3,7885;0,5271;0,6477;0,8654;6,8163;0,4245;0,3830;0,5668;0;12,5185;0,0000;0;0;2;378
266;276,3932;Prey;269;98,6161;100,0000;0,3504;0,8727;0,0000;0,0000;0,0000;0,4700;0,0000;0,3246;3,1677;0,5000;0,5000;15;3,7885;0,5271;0,6477;0,8654;6,8163;0,4245;0,3830;0,5668;0;12,5015;0,0000;0;0;2;376
267;277,3950;Prey;269;98,6178;100,0000;0,3203;0,8457;0,0000;0,0000;0,0000;0,4700;0,0000;0,3246;3,1677;0,5000;0,5000;15;3,7885;0,5271;0,6477;0,8654;6,8163;0,4245;0,3830;0,5668;0;12,5185;0,0000;0;0;2;369
268;278,3948;Prey;269;98,6166;100,0000;0,2909;0,8187;0,0000;0,0000;0,0000;0,4700;0,0000;0,3246;3,1677;0,5000;0,5000;15;3,7885;0,5271;0,6477;0,8654;6,8163;0,4245;0,3830;0,5668;0;12,5060;0,0000;0;0;2;361
269;279,3950;Prey;269;98,6161;100,0000;0,2658;0,7883;0,0000;0,0000;0,0000;0,4700;0,0000;0,3246;3,1677;0,5000;0,5000;15;3,7885;0,5271;0,6477;0,8654;6,8163;0,4245;0,3830;0,5668;0;12,5002;0,0000;0;0;2;347
270;280,3949;Prey;269;98,6165;100,0000;0,2408;0,7570;0,0000;0,0000;0,0000;0,4700;0,0000;0,3246;3,1677;0,5000;0,5000;15;3,7885;0,5271;0,6477;0,8654;6,8163;0,4245;0,3830;0,5668;0;12,5034;0,0000;0;0;2;333
271;281,3951;Prey;269;98,6168;100,0000;0,2157;0,7255;0,0000;0,0000;0,0000;0,4700;0,0000;0,3246;3,1677;0,5000;0,5000;15;3,7885;0,5271;0,6477;0,8654;6,8163;0,4245;0,3830;0,5668;0;12,5060;0,0000;0;0;2;315
272;282,3951;Prey;269;98,6163;100,0000;0,1863;0,6974;0,0000;0,0000;0,0000;0,4700;0,0000;0,3246;3,1677;0,5000;0,5000;15;3,7885;0,5271;0,6477;0,8654;6,8163;0,4245;0,3830;0,5668;0;12,5003;0,0000;0;0;2;305
273;283,3965;Prey;269;98,6179;100,0000;0,1531;0,6704;0,0000;0,0000;0,0000;0,4700;0,0000;0,3246;3,1677;0,5000;0,5000;15;3,7885;0,5271;0,6477;0,8654;6,8163;0,4245;0,3830;0,5668;0;12,5148;0,0000;0;0;2;287
274;284,3971;Prey;269;98,6174;100,0000;0,1098;0,6434;0,0000;0,0000;0,0000;0,4700;0,0000;0,3246;3,1677;0,5000;0,5000;15;3,7885;0,5271;0,6477;0,8654;6,8163;0,4245;0,3830;0,5668;0;12,5090;0,0000;0;0;2;265
275;285,3980;Prey;126;273,5729;74,7316;0,0000;0,6427;0,0406;0,6058;0,0282;0,5045;0,1348;0,3111;3,9544;1,3690;1,3690;5;3,6812;0,5463;0,6033;0,8738;6,8911;0,3930;0,4359;0,6158;7;12,5108;0,0000;0;0;2;253
276;286,4000;Prey;269;98,6195;100,0000;0,0406;0,5893;0,0000;0,0000;0,0000;0,4700;0,0000;0,3246;3,1677;0,5000;0,5000;15;3,7885;0,5271;0,6477;0,8654;6,8163;0,4245;0,3830;0,5668;0;12,5273;0,0000;0;0;2;234
