decisionGeneration;totalSimulationHours;animalType;animalId;fitness;hp;hunger;thirst;hungerWeight;thirstWeight;aggressionWeight;timeFollowingWeight;speed;maxStamina;currentStamina;sightRange;tempResist;hungerDecreasingSpeed;thirstDecreasingSpeed;breedingCooldownMultiplyer;fertility;swimAbility;eatNeed;fatSave;childrenCount;timeAliveInGeneration;successfulHunts;abandonedChases;timeSpentFollowing;totalFoodForPrey;totalFoodForPredator
0;1,0005;Predator;7;100,9147;100,0000;0,8879;0,9704;0,1629;0,1048;0,1698;0,5111;2,2687;2,3270;2,3270;7;1,2945;0,7052;0,6638;0,5825;3,0000;0,4756;0,3794;0,9582;0;12,5061;0;0;0,0000;336;40
1;2,0005;Predator;8;101,0526;100,0000;0,8871;0,9263;0,0000;0,1340;0,0080;0,7773;3,0840;1,9290;1,9290;9;2,6605;0,6349;0,8488;0,6334;2,0000;0,4934;0,4867;0,7140;0;12,5005;0;0;0,0000;336;40
2;3,0010;Predator;8;100,9505;100,0000;0,8486;0,8880;0,0000;0,1340;0,0080;0,7773;3,0840;1,9290;1,9290;9;2,6605;0,6349;0,8488;0,6334;2,0000;0,4934;0,4867;0,7140;0;12,5058;0;0;0,0000;336;40
3;4,0012;Predator;2;101,2502;100,0000;0,7314;0,7617;0,0000;0,0000;0,0000;0,7790;3,0920;1,1382;1,1382;7;4,9094;0,9214;0,6631;1,1335;2,0000;0,4750;0,5885;0,9202;0;12,5022;0;0;0,0000;336;40
4;5,0234;Predator;2;101,2777;100,0000;0,6818;0,7334;0,0000;0,0000;0,0000;0,7790;3,0920;1,1382;1,1382;7;4,9094;0,9214;0,6631;1,1335;2,0000;0,4750;0,5885;0,9202;0;12,7774;0;0;0,0000;336;40
5;6,0929;Predator;2;101,3369;100,0000;0,6298;0,7039;0,0000;0,0000;0,0000;0,7790;3,0920;1,1382;1,1382;7;4,9094;0,9214;0,6631;1,1335;2,0000;0,4750;0,5885;0,9202;0;13,3693;0;0;0,0000;336;40
6;7,0942;Predator;0;101,2516;100,0000;0,6860;0,7257;0,0000;0,0000;0,0456;0,7639;3,3398;1,5546;1,5546;9;3,8768;0,7753;0,5838;0,7272;2,0000;0,4129;0,5028;0,6860;0;12,5161;0;0;0,0000;336;40
7;8,1485;Predator;0;101,3179;100,0000;0,6400;0,7000;0,0000;0,0000;0,0456;0,7639;3,3398;1,5546;1,5546;9;3,8768;0,7753;0,5838;0,7272;2,0000;0,4129;0,5028;0,6860;0;13,1789;0;0;0,0000;336;40
8;9,2049;Predator;0;101,3205;100,0000;0,5895;0,6744;0,0000;0,0000;0,0456;0,7639;3,3398;1,5546;1,5546;9;3,8768;0,7753;0,5838;0,7272;2,0000;0,4129;0,5028;0,6860;0;13,2051;0;0;0,0000;336;40
9;10,2512;Predator;0;101,3078;100,0000;0,5411;0,6489;0,0000;0,0000;0,0456;0,7639;3,3398;1,5546;1,5546;9;3,8768;0,7753;0,5838;0,7272;2,0000;0,4129;0,5028;0,6860;0;13,0780;0;0;0,0000;336;40
10;11,3052;Predator;0;101,3176;100,0000;0,4901;0,6233;0,0000;0,0000;0,0456;0,7639;3,3398;1,5546;1,5546;9;3,8768;0,7753;0,5838;0,7272;2,0000;0,4129;0,5028;0,6860;0;13,1758;0;0;0,0000;336;40
11;12,3595;Predator;4;123,6445;100,0000;0,9834;0,6892;0,3404;0,0000;0,3602;0,7619;2,7272;2,3380;0,2173;6;2,1520;0,9283;0,5294;0,9720;2,0000;0,2542;0,5288;0,9189;0;13,1785;1;0;8,6276;335;38
12;13,4476;Predator;0;101,3602;100,0000;0,3899;0,5711;0,0000;0,0000;0,3721;0,7639;3,3398;1,5546;1,5546;9;3,8768;0,7753;0,5838;0,7272;2,0000;0,4129;0,5028;0,6860;0;13,6018;0;0;0,0000;330;38
13;14,5250;Predator;2;124,1521;100,0000;0,9810;0,4720;0,0000;0,0000;0,0000;0,7648;3,0920;1,1382;0,4773;7;4,9094;0,9214;0,6631;1,1335;2,0000;0,4750;0,5885;0,9202;0;13,4673;1;0;7,3154;326;37
14;15,5441;Predator;9;123,1997;100,0000;1,0000;0,5019;0,0000;0,0000;0,0000;0,7652;3,9802;2,2813;0,0000;5;0,6114;0,8178;0,5760;0,7207;3,0000;0,4875;0,5356;0,6998;0;12,7384;1;0;10,2472;320;35
15;16,6091;Predator;0;125,9548;100,0000;0,9652;0,4939;0,1108;0,0000;0,0338;0,7674;3,3398;1,5546;1,5546;9;3,8768;0,7753;0,5838;0,7272;2,0000;0,4129;0,5028;0,6860;0;13,3123;1;0;1,0617;319;34
16;17,6263;Predator;3;123,5948;100,0000;0,9810;0,9459;0,1816;0,8350;0,0367;0,7669;4,3807;1,6157;0,5722;9;3,3591;0,7618;0,8924;1,1370;2,0000;0,2401;0,3850;0,8684;0;12,7147;1;0;5,7410;312;33
17;18,6875;Predator;2;101,3265;100,0000;0,7866;0,3533;0,0000;0,0000;0,0091;0,7653;3,0920;1,1382;1,1382;7;4,9094;0,9214;0,6631;1,1335;2,0000;0,4750;0,5885;0,9202;0;13,2650;0;0;0,0000;307;33
18;19,7541;Predator;6;125,8869;100,0000;0,9577;0,9493;0,0000;0,4403;0,0459;0,7663;2,1517;1,0853;1,0853;6;4,4548;0,8092;0,8311;0,6075;2,0000;0,3364;0,5381;0,5381;0;13,3326;1;0;0,0000;305;32
19;20,7778;Predator;1;101,2796;100,0000;0,5634;0,9686;0,0000;0,0000;0,0172;0,7662;4,4737;1,4669;1,4669;6;0,7688;0,9910;0,7542;1,0717;3,0000;0,5967;0,3228;0,8535;0;12,7962;0;0;0,0000;303;32
20;21,8235;Predator;5;124,9134;100,0000;0,9785;0,9677;0,5269;0,2673;0,0232;0,7813;3,8899;1,7092;1,6526;6;3,0761;0,6997;0,6988;0,9110;2,0000;0,2062;0,3824;0,7737;0;13,0712;1;0;3,5040;303;31
21;22,8464;Predator;8;124,4938;100,0000;0,9667;0,9003;0,2765;0,6375;0,0177;0,7782;3,0840;1,9290;1,0406;9;2,6605;0,6349;0,8488;0,6334;2,0000;0,4934;0,4867;0,7140;0;12,7863;1;0;1,2513;301;30
22;23,8605;Predator;0;101,2676;100,0000;0,6578;0,3134;0,0000;0,0000;0,0227;0,7663;3,3398;1,5546;1,5546;9;3,8768;0,7753;0,5838;0,7272;2,0000;0,4129;0,5028;0,6860;0;12,6762;0;0;0,0000;300;30
23;24,8723;Predator;0;101,2648;100,0000;0,6114;0,9977;0,0000;0,0000;0,0227;0,7663;3,3398;1,5546;1,5546;9;3,8768;0,7753;0,5838;0,7272;2,0000;0,4129;0,5028;0,6860;0;12,6480;0;0;0,0000;342;30
24;25,8738;Predator;4;123,9985;100,0000;0,9965;0,3833;0,0000;0,0000;0,0227;0,7789;2,7272;2,3380;1,6469;6;2,1520;0,9283;0,5294;0,9720;2,0000;0,2542;0,5288;0,9189;0;12,5190;1;0;5,0999;341;29
25;26,8745;Predator;1;120,3460;100,0000;0,9523;0,7698;0,0000;1,0000;0,0220;0,7706;4,4737;1,4669;1,4669;6;0,7688;0,9910;0,7542;1,0717;3,0000;0,5967;0,3228;0,8535;0;12,5084;1;0;1,1023;340;28
26;27,9232;Predator;0;100,5074;100,0000;0,4712;0,9234;0,0000;0,0000;0,0227;0,7663;3,3398;1,5546;1,5546;9;3,8768;0,7753;0,5838;0,7272;2,0000;0,4129;0,5028;0,6860;0;13,1087;0;0;0,0000;338;28
27;28,9594;Predator;0;100,4918;100,0000;0,4224;0,8982;0,0000;0,0000;0,0227;0,7663;3,3398;1,5546;1,5546;9;3,8768;0,7753;0,5838;0,7272;2,0000;0,4129;0,5028;0,6860;0;12,9526;0;0;0,0000;338;28
28;29,9764;Predator;0;100,4678;100,0000;0,3747;0,8735;0,0000;0,0000;0,0227;0,7663;3,3398;1,5546;1,5546;9;3,8768;0,7753;0,5838;0,7272;2,0000;0,4129;0,5028;0,6860;0;12,7127;0;0;0,0000;336;28
29;30,9976;Predator;0;100,4730;100,0000;0,3270;0,8487;0,0000;0,0000;0,0227;0,7663;3,3398;1,5546;1,5546;9;3,8768;0,7753;0,5838;0,7272;2,0000;0,4129;0,5028;0,6860;0;12,7644;0;0;0,0000;335;28
30;32,0160;Predator;5;100,4757;100,0000;0,5520;0,6656;0,0000;0,0000;0,0229;0,7728;3,8899;1,7092;1,7092;6;3,0761;0,6997;0,6988;0,9110;2,0000;0,2062;0,3824;0,7737;0;12,7300;0;0;0,0000;332;28
31;33,0236;Predator;2;117,2586;100,0000;1,0000;0,6775;0,5863;0,7595;0,0574;0,7697;3,0920;1,1382;0,1140;7;4,9094;0,9214;0,6631;1,1335;2,0000;0,4750;0,5885;0,9202;0;12,5954;1;0;10,1779;331;27
32;34,1324;Predator;7;120,9641;100,0000;0,9577;0,7559;0,0362;0,5858;0,0670;0,7709;2,2687;2,3270;1,0399;7;1,2945;0,7052;0,6638;0,5825;3,0000;0,4756;0,3794;0,9582;0;13,8603;1;0;1,1692;328;26
33;35,2173;Predator;6;99,1491;100,0000;0,2744;0,4174;0,0000;0,0000;0,0020;0,7697;2,1517;1,0853;0,5672;6;4,4548;0,8092;0,8311;0,6075;2,0000;0,3364;0,5381;0,5381;0;13,5609;0;0;3,4537;327;26
34;36,2450;Predator;0;114,0441;100,0000;0,9953;0,7210;1,0000;0,3960;0,0006;0,7694;3,3398;1,5546;0,0000;9;3,8768;0,7753;0,5838;0,7272;2,0000;0,4129;0,5028;0,6860;0;12,8465;1;1;8,5012;324;24
35;37,2991;Predator;2;98,8686;100,0000;0,7784;0,5594;0,1057;0,0000;0,0016;0,7715;3,0920;1,1382;1,1382;7;4,9094;0,9214;0,6631;1,1335;2,0000;0,4750;0,5885;0,9202;0;13,1767;0;0;0,0000;324;24
36;38,3590;Predator;8;98,8754;100,0000;0,3238;0,3543;0,0000;0,0000;0,0158;0,7728;3,0840;1,9290;1,9290;9;2,6605;0,6349;0,8488;0,6334;2,0000;0,4934;0,4867;0,7140;0;13,2482;0;0;0,0000;324;24
37;39,4388;Predator;2;98,7359;100,0000;0,6745;0,5002;0,1057;0,0000;0,0016;0,7715;3,0920;1,1382;1,1382;7;4,9094;0,9214;0,6631;1,1335;2,0000;0,4750;0,5885;0,9202;0;13,4971;0;0;0,0000;324;24
38;40,4502;Predator;0;98,8539;100,0000;0,8025;0,6187;0,0000;0,0000;0,0160;0,7720;3,3398;1,5546;1,5546;9;3,8768;0,7753;0,5838;0,7272;2,0000;0,4129;0,5028;0,6860;0;12,6429;0;0;0,0000;319;24
39;41,4882;Predator;5;116,4092;100,0000;0,9881;0,3898;0,0000;0,0000;0,0326;0,7553;3,8899;1,7092;0,1115;6;3,0761;0,6997;0,6988;0,9110;2,0000;0,2062;0,3824;0,7737;0;12,9746;1;1;6,9927;319;23
40;42,4909;Predator;4;119,3154;100,0000;0,9604;0,7301;0,0303;0,0000;0,0269;0,7568;2,7272;2,3380;0,7098;6;2,1520;0,9283;0,5294;0,9720;2,0000;0,2542;0,5288;0,9189;0;12,5340;1;0;3,7755;318;22
41;43,5562;Predator;0;98,1178;100,0000;0,6472;0,5432;0,0000;0,0000;0,0160;0,7720;3,3398;1,5546;1,5546;9;3,8768;0,7753;0,5838;0,7272;2,0000;0,4129;0,5028;0,6860;0;13,3164;0;0;0,0000;316;22
42;44,5710;Predator;2;98,1222;100,0000;0,3523;0,3584;0,0000;0,0000;0,0494;0,7561;3,0920;1,1382;1,1382;7;4,9094;0,9214;0,6631;1,1335;2,0000;0,4750;0,5885;0,9202;0;12,6849;0;0;0,0000;314;21
43;45,5847;Predator;8;115,0789;95,4722;0,9838;0,8323;0,0000;1,0000;0,0503;0,7670;3,0840;1,9290;0,2204;9;2,6605;0,6349;0,8488;0,6334;2,0000;0,4934;0,4867;0,7140;0;12,6710;1;0;6,9368;312;27
44;46,6059;Predator;4;101,2765;100,0000;0,6764;0,6394;0,0000;0,0000;0,0415;0,6431;2,7272;2,3380;2,3380;6;2,1520;0,9283;0,5294;0,9720;2,0000;0,2542;0,5288;0,9189;0;12,7650;0;0;0,0000;312;31
45;47,6233;Predator;4;101,2717;100,0000;0,6022;0,6169;0,0000;0,0000;0,0415;0,6431;2,7272;2,3380;2,3380;6;2,1520;0,9283;0,5294;0,9720;2,0000;0,2542;0,5288;0,9189;0;12,7170;0;0;0,0000;312;36
46;48,6979;Predator;4;101,3432;100,0000;0,5322;0,5932;0,0000;0,0000;0,0415;0,6431;2,7272;2,3380;2,3380;6;2,1520;0,9283;0,5294;0,9720;2,0000;0,2542;0,5288;0,9189;0;13,4325;0;0;0,0000;352;36
47;49,7185;Predator;9;181,0869;89,4305;0,2466;0,3798;0,0000;1,0000;0,0005;0,7463;3,9802;2,2813;1,1737;5;0,6114;0,8178;0,5760;0,7207;3,0000;0,4875;0,5356;0,6998;3;12,7577;0;0;7,3842;350;40
48;50,7928;Predator;2;113,8168;95,2213;0,9804;0,9173;0,0000;0,7645;0,0003;0,6650;3,0920;1,1382;0,2387;7;4,9094;0,9214;0,6631;1,1335;2,0000;0,4750;0,5885;0,9202;0;13,4284;1;1;4,9448;349;39
49;51,8112;Predator;4;101,2731;100,0000;0,3298;0,5245;0,0000;0,0000;0,0415;0,6431;2,7272;2,3380;2,3380;6;2,1520;0,9283;0,5294;0,9720;2,0000;0,2542;0,5288;0,9189;0;12,7311;0;0;0,0000;349;52
50;52,9008;Predator;0;111,6458;100,0000;1,0000;0,3159;1,0000;0,4861;0,0025;0,6852;3,3398;1,5546;0,0000;9;3,8768;0,7753;0,5838;0,7272;2,0000;0,4129;0,5028;0,6860;0;13,6197;1;1;10,2146;348;51
51;53,9239;Predator;4;117,8447;100,0000;0,9922;0,4779;1,0000;0,0000;0,0427;0,6467;2,7272;2,3380;0,0638;6;2,1520;0,9283;0,5294;0,9720;2,0000;0,2542;0,5288;0,9189;0;12,7889;1;1;11,0591;345;48
52;54,9500;Predator;0;101,2826;100,0000;0,8817;0,9887;0,0000;0,0000;0,0134;0,7824;3,3398;1,5546;1,5546;9;3,8768;0,7753;0,5838;0,7272;2,0000;0,4129;0,5028;0,6860;0;12,8261;0;0;0,0000;345;48
53;55,9624;Predator;0;101,2655;100,0000;0,8238;0,9641;0,0000;0,0000;0,0134;0,7824;3,3398;1,5546;1,5546;9;3,8768;0,7753;0,5838;0,7272;2,0000;0,4129;0,5028;0,6860;0;12,6553;0;0;0,0000;342;54
54;56,9819;Predator;1;175,6747;76,6265;0,2905;0,5900;0,4061;0,3345;0,0032;0,6448;4,4737;1,4669;1,3863;6;0,7688;0,9910;0,7542;1,0717;3,0000;0,5967;0,3228;0,8535;3;12,7439;0;0;0,5377;342;53
55;58,0032;Predator;0;101,2766;100,0000;0,7003;0,9144;0,0000;0,0000;0,0134;0,7824;3,3398;1,5546;1,5546;9;3,8768;0,7753;0,5838;0,7272;2,0000;0,4129;0,5028;0,6860;0;12,7655;0;0;0,0000;340;51
56;59,0273;Predator;0;101,2802;100,0000;0,6240;0,8895;0,0000;0,0000;0,0134;0,7824;3,3398;1,5546;1,5546;9;3,8768;0,7753;0,5838;0,7272;2,0000;0,4129;0,5028;0,6860;0;12,8017;0;0;0,0000;339;51
57;60,0619;Predator;0;101,2932;100,0000;0,5496;0,8644;0,0000;0,0000;0,0134;0,7824;3,3398;1,5546;1,5546;9;3,8768;0,7753;0,5838;0,7272;2,0000;0,4129;0,5028;0,6860;0;12,9320;0;0;0,0000;338;51
58;61,0668;Predator;0;101,2561;100,0000;0,4894;0,8399;0,0000;0,0000;0,0134;0,7824;3,3398;1,5546;1,5546;9;3,8768;0,7753;0,5838;0,7272;2,0000;0,4129;0,5028;0,6860;0;12,5611;0;0;0,0000;338;51
59;62,0777;Predator;2;113,7399;95,2213;0,9873;0,6055;0,2298;0,7284;0,0282;0,3711;3,0920;1,1382;0,3364;7;4,9094;0,9214;0,6631;1,1335;2,0000;0,4750;0,5885;0,9202;0;12,6366;1;0;6,5148;338;50
60;63,1122;Predator;0;101,2932;100,0000;0,3687;0,7902;0,0000;0,0000;0,0134;0,7824;3,3398;1,5546;1,5546;9;3,8768;0,7753;0,5838;0,7272;2,0000;0,4129;0,5028;0,6860;0;12,9317;0;0;0,0000;336;49
61;64,1302;Predator;0;101,2725;100,0000;0,3090;0,7654;0,0000;0,0000;0,0134;0,7824;3,3398;1,5546;1,5546;9;3,8768;0,7753;0,5838;0,7272;2,0000;0,4129;0,5028;0,6860;0;12,7254;0;0;0,0000;334;49
62;65,1454;Predator;4;124,2973;100,0000;0,9436;0,9612;0,0000;0,4351;0,0119;0,5228;2,7272;2,3380;1,0107;6;2,1520;0,9283;0,5294;0,9720;2,0000;0,2542;0,5288;0,9189;0;12,6900;1;0;3,9407;331;47
63;66,1576;Predator;8;104,9836;87,7560;0,9653;0,8232;0,0000;0,7618;0,0116;0,4679;3,0840;1,9290;0,7063;9;2,6605;0,6349;0,8488;0,6334;2,0000;0,4934;0,4867;0,7140;0;12,6513;1;1;2,7784;331;46
64;67,1700;Predator;0;125,1572;100,0000;0,9345;0,6915;0,0000;0,0169;0,0000;0,8400;3,3398;1,5546;0,8801;9;3,8768;0,7753;0,5838;0,7272;2,0000;0,4129;0,5028;0,6860;0;12,6557;1;0;0,0000;330;44
65;68,1706;Predator;5;100,0050;100,0000;0,3131;0,3436;0,0000;0,0000;0,0264;0,6478;3,8899;1,7092;1,7092;6;3,0761;0,6997;0,6988;0,9110;2,0000;0,2062;0,3824;0,7737;0;12,5076;0;0;0,0000;330;43
66;69,1737;Predator;7;174,5372;73,9527;0,6687;0,5499;0,3298;0,0000;0,0416;0,7912;2,2687;2,3270;2,3270;7;1,2945;0,7052;0,6638;0,5825;3,0000;0,4756;0,3794;0,9582;3;12,5382;0;0;0,0000;330;43
67;70,1949;Predator;0;98,1875;100,0000;0,7075;0,6179;0,0000;0,0169;0,0000;0,8400;3,3398;1,5546;1,5546;9;3,8768;0,7753;0,5838;0,7272;2,0000;0,4129;0,5028;0,6860;0;12,7648;0;0;0,0000;329;43
68;71,2071;Predator;5;114,4654;100,0000;1,0000;0,9643;0,8432;0,4918;0,0342;0,5707;3,8899;1,7092;0,0000;6;3,0761;0,6997;0,6988;0,9110;2,0000;0,2062;0,3824;0,7737;0;12,6527;1;1;11,0042;326;42
69;72,2293;Predator;17;98,0388;100,0000;0,6828;0,9016;0,0497;0,0000;0,0417;0,6389;2,1853;1,3718;1,3718;6;0,0578;0,7797;0,5816;0,5966;3,0757;0,3820;0,5966;0,5693;0;12,7779;0;0;0,0000;349;41
70;73,2481;Predator;2;105,8309;95,2213;0,9939;0,2980;0,3225;0,6717;0,0300;0,6624;3,0920;1,1382;0,0524;7;4,9094;0,9214;0,6631;1,1335;2,0000;0,4750;0,5885;0,9202;0;12,7348;1;0;10,2530;349;40
71;74,2854;Predator;17;97,2093;100,0000;0,5516;0,8518;0,0497;0,0000;0,0417;0,6389;2,1853;1,3718;1,3718;6;0,0578;0,7797;0,5816;0,5966;3,0757;0,3820;0,5966;0,5693;0;12,9669;0;0;0,0000;348;37
72;75,3004;Predator;4;109,2098;100,0000;0,9592;0,7372;0,1807;0,4773;0,0243;0,4486;2,7272;2,3380;0,6677;6;2,1520;0,9283;0,5294;0,9720;2,0000;0,2542;0,5288;0,9189;0;12,6873;1;1;4,8135;345;36
73;76,3357;Predator;0;120,0384;100,0000;0,9545;0,4685;0,0000;0,0169;0,0000;0,8400;3,3398;1,5546;1,1323;9;3,8768;0,7753;0,5838;0,7272;2,0000;0,4129;0,5028;0,6860;0;12,9410;1;0;4,7494;343;35
74;77,3590;Predator;19;96,4814;100,0000;0,9487;0,9762;0,0000;1,0000;0,0000;0,7629;2,9216;1,2144;1,2144;9;3,7021;0,7296;0,6889;1,1342;2,0166;0,3979;0,6101;0,8741;0;10,3558;0;0;0,0000;343;34
75;78,3821;Predator;17;96,2671;100,0000;0,8817;0,7526;0,0497;0,0000;0,0417;0,6389;2,1853;1,3718;1,3718;6;0,0578;0,7797;0,5816;0,5966;3,0757;0,3820;0,5966;0,5693;0;12,7877;0;0;0,0000;343;34
76;79,4133;Predator;8;106,7284;87,7560;0,9628;0,3567;0,1922;0,0000;0,0116;0,7742;3,0840;1,9290;1,4808;9;2,6605;0,6349;0,8488;0,6334;2,0000;0,4934;0,4867;0,7140;0;12,8911;1;0;4,5920;341;33
77;80,4311;Predator;17;95,7447;100,0000;0,7593;0,9663;0,0497;0,0000;0,0417;0,6389;2,1853;1,3718;1,3718;6;0,0578;0,7797;0,5816;0,5966;3,0757;0,3820;0,5966;0,5693;0;12,7218;0;0;0,0000;341;30
78;81,4356;Predator;17;95,5098;100,0000;0,7055;0,9420;0,0497;0,0000;0,0417;0,6389;2,1853;1,3718;1,3718;6;0,0578;0,7797;0,5816;0,5966;3,0757;0,3820;0,5966;0,5693;0;12,5561;0;0;0,0000;339;29
79;82,4474;Predator;17;95,4750;100,0000;0,6466;0,9174;0,0497;0,0000;0,0417;0,6389;2,1853;1,3718;1,3718;6;0,0578;0,7797;0,5816;0,5966;3,0757;0,3820;0,5966;0,5693;0;12,6483;0;0;0,0000;337;29
80;83,4517;Predator;2;114,2316;95,2213;0,9584;0,7385;0,0000;0,0000;0,0000;0,8285;3,0920;1,1382;0,5945;7;4,9094;0,9214;0,6631;1,1335;2,0000;0,4750;0,5885;0,9202;0;12,5523;1;0;4,9224;335;27
81;84,4586;Predator;17;95,0259;100,0000;0,5307;0,8687;0,0497;0,0000;0,0417;0,6389;2,1853;1,3718;1,3718;6;0,0578;0,7797;0,5816;0,5966;3,0757;0,3820;0,5966;0,5693;0;12,5864;0;0;0,0000;334;27
82;85,4934;Predator;5;113,1275;100,0000;0,9609;0,5483;1,0000;0,0000;0,1691;0,7067;3,8899;1,7092;0,7964;6;3,0761;0,6997;0,6988;0,9110;2,0000;0,2062;0,3824;0,7737;0;12,9358;1;1;2,6746;334;26
83;86,5143;Predator;17;94,7774;100,0000;0,4132;0,8189;0,0497;0,0000;0,0417;0,6389;2,1853;1,3718;1,3718;6;0,0578;0,7797;0,5816;0,5966;3,0757;0,3820;0,5966;0,5693;0;12,7611;0;0;0,0000;332;26
84;87,5528;Predator;19;96,2772;100,0000;0,5470;0,6836;0,0000;0,0000;0,0000;0,8201;2,9216;1,2144;1,2144;9;3,7021;0,7296;0,6889;1,1342;2,0166;0,3979;0,6101;0,8741;0;12,9806;0;0;0,0000;329;26
85;88,5542;Predator;19;96,2309;100,0000;0,4838;0,6549;0,0000;0,0000;0,0000;0,8201;2,9216;1,2144;1,2144;9;3,7021;0,7296;0,6889;1,1342;2,0166;0,3979;0,6101;0,8741;0;12,5169;0;0;0,0000;329;26
86;89,5543;Predator;5;160,3753;100,0000;0,7340;0,4300;1,0000;0,0000;0,1691;0,7067;3,8899;1,7092;1,7092;6;3,0761;0,6997;0,6988;0,9110;2,0000;0,2062;0,3824;0,7737;2;12,5013;0;0;0,0000;329;28
87;90,5548;Predator;19;97,0888;100,0000;0,3614;0,5975;0,0000;0,0000;0,0000;0,8201;2,9216;1,2144;1,2144;9;3,7021;0,7296;0,6889;1,1342;2,0166;0,3979;0,6101;0,8741;0;12,5044;0;0;0,0000;329;35
88;91,5563;Predator;8;106,2281;87,7560;0,9678;0,6353;0,0000;0,0000;0,0000;0,7218;3,0840;1,9290;1,7092;9;2,6605;0,6349;0,8488;0,6334;2,0000;0,4934;0,4867;0,7140;0;12,5184;1;0;4,9021;329;32
89;92,5717;Predator;2;105,0711;95,2213;0,9252;0,4865;0,1854;1,0000;0,0771;0,5718;3,0920;1,1382;1,1382;7;4,9094;0,9214;0,6631;1,1335;2,0000;0,4750;0,5885;0,9202;0;12,6925;1;0;1,2638;328;31
90;93,5790;Predator;19;96,5605;100,0000;0,1681;0,5106;0,0000;0,0000;0,0000;0,8201;2,9216;1,2144;1,2144;9;3,7021;0,7296;0,6889;1,1342;2,0166;0,3979;0,6101;0,8741;0;12,5910;0;0;0,0000;327;31
91;94,6206;Predator;19;97,4089;100,0000;0,0991;0,4807;0,0000;0,0000;0,0000;0,8201;2,9216;1,2144;1,2144;9;3,7021;0,7296;0,6889;1,1342;2,0166;0,3979;0,6101;0,8741;0;13,0203;0;0;0,0000;326;37
92;95,6449;Predator;19;97,3872;100,0000;0,0293;0,4513;0,0000;0,0000;0,0000;0,8201;2,9216;1,2144;1,2144;9;3,7021;0,7296;0,6889;1,1342;2,0166;0,3979;0,6101;0,8741;0;12,8035;0;0;0,0000;326;37
93;96,7189;Predator;17;96,2936;100,0000;0,5317;0,5716;0,0497;0,0000;0,0417;0,6389;2,1853;1,3718;1,3718;6;0,0578;0,7797;0,5816;0,5966;3,0757;0,3820;0,5966;0,5693;0;13,4258;0;0;0,0000;336;37
94;97,7696;Predator;17;96,2098;100,0000;0,4587;0,5462;0,0497;0,0000;0,0417;0,6389;2,1853;1,3718;1,3718;6;0,0578;0,7797;0,5816;0,5966;3,0757;0,3820;0,5966;0,5693;0;13,1328;0;0;0,0000;333;37
95;98,7735;Predator;17;96,1000;100,0000;0,3898;0,5218;0,0497;0,0000;0,0417;0,6389;2,1853;1,3718;1,3718;6;0,0578;0,7797;0,5816;0,5966;3,0757;0,3820;0,5966;0,5693;0;12,5490;0;0;0,0000;333;37
96;99,7908;Predator;18;101,0754;98,6232;0,9535;0,2843;0,9153;0,8028;0,0398;0,8063;2,3243;2,6911;1,5025;7;4,7526;0,8425;0,8279;0,5855;1,6819;0,4222;0,5997;0,3809;0;12,7167;1;0;4,6140;331;36
97;100,8700;Predator;14;114,5370;100,0000;0,9388;0,7556;0,0000;0,0290;0,0450;0,8232;4,3832;2,5178;2,5178;6;0,2812;0,9217;0,5000;1,0722;1,5648;0,6736;0,4851;0,9186;0;13,4901;1;0;2,5689;330;35
98;101,9460;Predator;22;93,8094;100,0000;0,1380;0,7871;0,0000;0,0984;0,1108;0,7794;2,6105;1,8849;1,8849;6;2,8191;0,9062;0,6757;0,9114;1,9768;0,2311;0,3354;0,7745;0;13,4496;0;0;0,0000;329;35
99;103,0512;Predator;22;93,5000;100,0000;0,0627;0,7560;0,0000;0,0984;0,1108;0,7794;2,6105;1,8849;1,8849;6;2,8191;0,9062;0,6757;0,9114;1,9768;0,2311;0,3354;0,7745;0;13,8148;0;0;0,0000;326;34
100;104,0620;Predator;15;105,4446;98,6754;0,9584;0,4702;0,4366;1,0000;0,1351;0,9464;2,2689;2,1276;0,5954;6;2,1204;0,9499;0,8571;0,9694;2,4674;0,5127;0,5640;0,8609;0;12,6354;1;0;4,0494;325;38
101;105,1602;Predator;14;92,6297;100,0000;0,6578;0,6662;0,0000;0,0290;0,0450;0,8232;4,3832;2,5178;2,5178;6;0,2812;0,9217;0,5000;1,0722;1,5648;0,6736;0,4851;0,9186;0;13,7277;0;0;0,0000;323;36
102;106,1845;Predator;14;92,5248;100,0000;0,5870;0,6449;0,0000;0,0290;0,0450;0,8232;4,3832;2,5178;2,5178;6;0,2812;0,9217;0,5000;1,0722;1,5648;0,6736;0,4851;0,9186;0;12,8029;0;0;0,0000;322;36
103;107,1858;Predator;14;92,8685;100,0000;0,5156;0,6240;0,0000;0,0290;0,0450;0,8232;4,3832;2,5178;2,5178;6;0,2812;0,9217;0,5000;1,0722;1,5648;0,6736;0,4851;0,9186;0;12,5159;0;0;0,0000;322;35
104;108,2985;Predator;8;109,6110;87,7560;0,9473;0,7600;0,0000;0,0000;0,1733;0,8584;3,0840;1,9290;1,2192;9;2,6605;0,6349;0,8488;0,6334;2,0000;0,4934;0,4867;0,7140;0;13,9091;1;0;0,0000;322;34
105;109,3169;Predator;14;93,2938;100,0000;0,3601;0,5796;0,0000;0,0290;0,0450;0,8232;4,3832;2,5178;2,5178;6;0,2812;0,9217;0,5000;1,0722;1,5648;0,6736;0,4851;0,9186;0;12,7301;0;0;0,0000;320;34
106;110,3953;Predator;14;98,1158;100,0000;0,2777;0,5572;0,0000;0,0290;0,0450;0,8232;4,3832;2,5178;2,5178;6;0,2812;0,9217;0,5000;1,0722;1,5648;0,6736;0,4851;0,9186;0;13,4802;0;0;0,0000;320;34
107;111,4049;Predator;14;95,2729;100,0000;0,1849;0,5361;0,0000;0,0290;0,0450;0,8232;4,3832;2,5178;0,6248;6;0,2812;0,9217;0,5000;1,0722;1,5648;0,6736;0,4851;0,9186;0;12,6200;0;0;12,6200;319;33
108;112,5210;Predator;14;92,6424;100,0000;0,0798;0,5129;0,0000;0,0290;0,0450;0,8232;4,3832;2,5178;0,0000;6;0,2812;0,9217;0,5000;1,0722;1,5648;0,6736;0,4851;0,9186;0;13,9510;0;1;11,5660;319;38
109;113,5993;Predator;14;89,3154;96,6026;0,0000;0,4904;0,0000;0,0290;0,0450;0,8232;4,3832;2,5178;0,0000;6;0,2812;0,9217;0,5000;1,0722;1,5648;0,6736;0,4851;0,9186;0;13,4790;0;1;11,1305;318;38
110;114,6816;Predator;8;87,4127;87,7560;0,6275;0,5343;0,3036;0,0000;0,1388;0,8043;3,0840;1,9290;1,9290;9;2,6605;0,6349;0,8488;0,6334;2,0000;0,4934;0,4867;0,7140;0;13,5293;0;0;0,0000;317;37
111;115,7150;Predator;1;161,2454;67,8751;0,1101;0,9422;0,1384;0,0000;0,1625;0,7910;4,4737;1,4669;0,0000;6;0,7688;0,9910;0,7542;1,0717;3,0000;0,5967;0,3228;0,8535;3;12,9165;0;1;10,5544;317;36
112;116,7541;Predator;24;98,4993;100,0000;0,9522;0,9594;0,8646;0,0043;0,1287;0,7909;3,6472;1,4238;1,4238;7;0,2385;0,5733;0,8662;0,7840;2,5756;0,5867;0,4233;0,6705;0;12,9896;0;0;0,0000;316;33
113;117,7886;Predator;24;98,3589;100,0000;0,9091;0,9220;0,8646;0,0043;0,1287;0,7909;3,6472;1,4238;1,4238;7;0,2385;0,5733;0,8662;0,7840;2,5756;0,5867;0,4233;0,6705;0;12,9314;0;0;0,0000;315;33
114;118,8518;Predator;24;97,8078;100,0000;0,8641;0,8837;0,8646;0,0043;0,1287;0,7909;3,6472;1,4238;1,4238;7;0,2385;0,5733;0,8662;0,7840;2,5756;0,5867;0,4233;0,6705;0;13,2903;0;0;0,0000;314;33
115;119,9252;Predator;24;97,5374;100,0000;0,8207;0,8449;0,8646;0,0043;0,1287;0,7909;3,6472;1,4238;1,4238;7;0,2385;0,5733;0,8662;0,7840;2,5756;0,5867;0,4233;0,6705;0;13,4164;0;0;0,0000;311;32
116;121,0009;Predator;24;96,7488;100,0000;0,7760;0,8061;0,8646;0,0043;0,1287;0,7909;3,6472;1,4238;1,4238;7;0,2385;0,5733;0,8662;0,7840;2,5756;0,5867;0,4233;0,6705;0;13,4475;0;0;0,0000;352;31
117;122,0219;Predator;24;95,8226;100,0000;0,7262;0,7692;0,8646;0,0043;0,1287;0,7909;3,6472;1,4238;1,4238;7;0,2385;0,5733;0,8662;0,7840;2,5756;0,5867;0,4233;0,6705;0;12,7613;0;0;0,0000;351;30
118;123,0898;Predator;24;95,7207;100,0000;0,6738;0,7307;0,8646;0,0043;0,1287;0,7909;3,6472;1,4238;1,4238;7;0,2385;0,5733;0,8662;0,7840;2,5756;0,5867;0,4233;0,6705;0;13,3489;0;0;0,0000;350;30
119;124,1351;Predator;24;94,8968;100,0000;0,6127;0,6930;0,8646;0,0043;0,1287;0,7909;3,6472;1,4238;1,4238;7;0,2385;0,5733;0,8662;0,7840;2,5756;0,5867;0,4233;0,6705;0;13,0673;0;0;0,0000;349;30
120;125,1922;Predator;24;93,7657;100,0000;0,5420;0,6548;0,8646;0,0043;0,1287;0,7909;3,6472;1,4238;1,4238;7;0,2385;0,5733;0,8662;0,7840;2,5756;0,5867;0,4233;0,6705;0;13,2130;0;0;0,0000;348;29
121;126,2085;Predator;24;92,6107;100,0000;0,4746;0,6181;0,8646;0,0043;0,1287;0,7909;3,6472;1,4238;1,4238;7;0,2385;0,5733;0,8662;0,7840;2,5756;0,5867;0,4233;0,6705;0;12,7045;0;0;0,0000;347;28
122;127,2304;Predator;25;92,3803;100,0000;0,1507;0,5820;0,0870;0,5925;0,1434;0,7874;4,7688;2,0092;2,0092;10;1,4828;0,9316;0,8647;0,4354;2,5686;0,4727;0,3346;0,6929;0;12,7730;0;0;0,0000;347;28
123;128,2658;Predator;24;91,3634;100,0000;0,3517;0,5439;0,8646;0,0043;0,1287;0,7909;3,6472;1,4238;1,4238;7;0,2385;0,5733;0,8662;0,7840;2,5756;0,5867;0,4233;0,6705;0;12,9421;0;0;0,0000;344;27
124;129,3216;Predator;24;90,6698;100,0000;0,2965;0,5058;0,8646;0,0043;0,1287;0,7909;3,6472;1,4238;1,4238;7;0,2385;0,5733;0,8662;0,7840;2,5756;0,5867;0,4233;0,6705;0;13,1977;0;0;0,0000;343;27
125;130,3264;Predator;24;91,4547;100,0000;0,2477;0,4695;0,8646;0,0043;0,1287;0,7909;3,6472;1,4238;1,4238;7;0,2385;0,5733;0,8662;0,7840;2,5756;0,5867;0,4233;0,6705;0;12,5600;0;0;0,0000;341;39
126;131,3274;Predator;24;90,8170;100,0000;0,1991;0,4334;0,8646;0,0043;0,1287;0,7909;3,6472;1,4238;1,4238;7;0,2385;0,5733;0,8662;0,7840;2,5756;0,5867;0,4233;0,6705;0;12,5108;0;0;0,0000;340;37
127;132,3277;Predator;24;90,0984;100,0000;0,1440;0,3973;0,8646;0,0043;0,1287;0,7909;3,6472;1,4238;1,4238;7;0,2385;0,5733;0,8662;0,7840;2,5756;0,5867;0,4233;0,6705;0;12,5031;0;0;0,0000;340;44
128;133,3279;Predator;24;89,3689;100,0000;0,0880;0,3612;0,8646;0,0043;0,1287;0,7909;3,6472;1,4238;1,4238;7;0,2385;0,5733;0,8662;0,7840;2,5756;0,5867;0,4233;0,6705;0;12,5044;0;0;0,0000;339;42
129;134,3944;Predator;24;88,7839;100,0000;0,0368;0,3227;0,8646;0,0043;0,1287;0,7909;3,6472;1,4238;1,4238;7;0,2385;0,5733;0,8662;0,7840;2,5756;0,5867;0,4233;0,6705;0;13,3287;0;0;0,0000;339;42
130;135,4141;Predator;24;83,1021;94,8568;0,0000;0,2859;0,8646;0,0043;0,1287;0,7909;3,6472;1,4238;1,4238;7;0,2385;0,5733;0,8662;0,7840;2,5756;0,5867;0,4233;0,6705;0;12,7458;0;0;0,0000;338;42
131;136,4624;Predator;24;70,0307;81,7528;0,0000;0,2481;0,8646;0,0043;0,1287;0,7909;3,6472;1,4238;1,4238;7;0,2385;0,5733;0,8662;0,7840;2,5756;0,5867;0,4233;0,6705;0;13,1040;0;0;0,0000;336;42
132;137,5207;Predator;5;80,3943;69,4924;1,0000;0,4877;1,0000;0,7226;0,1191;0,6403;3,8899;1,7092;0,0000;6;3,0761;0,6997;0,6988;0,9110;2,0000;0,2062;0,3824;0,7737;0;13,2295;1;1;10,0556;336;41
133;138,5439;Predator;5;62,0401;69,4924;0,9402;0,4579;1,0000;0,7226;0,1191;0,6403;3,8899;1,7092;1,1158;6;3,0761;0,6997;0,6988;0,9110;2,0000;0,2062;0,3824;0,7737;0;12,7897;0;0;0,0000;335;40
134;139,5495;Predator;5;60,7837;69,4924;0,8862;0,4286;1,0000;0,7226;0,1191;0,6403;3,8899;1,7092;1,7092;6;3,0761;0,6997;0,6988;0,9110;2,0000;0,2062;0,3824;0,7737;0;12,5708;0;0;0,0000;333;40
135;140,6150;Predator;5;59,5656;69,4924;0,8299;0,3976;1,0000;0,7226;0,1191;0,6403;3,8899;1,7092;1,7092;6;3,0761;0,6997;0,6988;0,9110;2,0000;0,2062;0,3824;0,7737;0;13,3185;0;0;0,0000;332;40
136;141,6340;Predator;5;58,2959;69,4924;0,7777;0,3679;1,0000;0,7226;0,1191;0,6403;3,8899;1,7092;1,7092;6;3,0761;0,6997;0,6988;0,9110;2,0000;0,2062;0,3824;0,7737;0;12,7370;0;0;0,0000;330;40
137;142,6992;Predator;8;69,7131;44,8047;0,9499;0,9970;1,0000;0,1336;0,1973;0,8663;3,0840;1,9290;1,9290;9;2,6605;0,6349;0,8488;0,6334;2,0000;0,4934;0,4867;0,7140;0;13,3158;1;0;2,2111;328;39
138;143,7311;Predator;5;55,7816;69,4924;0,6678;0,3069;1,0000;0,7226;0,1191;0,6403;3,8899;1,7092;1,7092;6;3,0761;0,6997;0,6988;0,9110;2,0000;0,2062;0,3824;0,7737;0;12,8985;0;0;0,0000;324;39
139;144,8607;Predator;5;54,5356;69,4924;0,6083;0,2740;1,0000;0,7226;0,1191;0,6403;3,8899;1,7092;1,7092;6;3,0761;0,6997;0,6988;0,9110;2,0000;0,2062;0,3824;0,7737;0;14,1195;0;0;0,0000;359;52
140;145,8721;Predator;5;63,6767;69,4924;0,5504;0,9768;1,0000;0,7226;0,1191;0,6403;3,8899;1,7092;1,7092;6;3,0761;0,6997;0,6988;0,9110;2,0000;0,2062;0,3824;0,7737;0;12,6423;0;0;0,0000;359;52
141;146,9463;Predator;5;62,3766;69,4924;0,4886;0,9455;1,0000;0,7226;0,1191;0,6403;3,8899;1,7092;1,7092;6;3,0761;0,6997;0,6988;0,9110;2,0000;0,2062;0,3824;0,7737;0;13,4282;0;0;0,0000;359;52
142;148,0104;Predator;0;71,2218;48,6695;0,9607;0,8959;0,5443;1,0000;0,1179;0,6140;3,3398;1,5546;0,7455;9;3,8768;0,7753;0,5838;0,7272;2,0000;0,4129;0,5028;0,6860;0;13,3004;1;0;4,5827;359;51
143;149,0848;Predator;5;61,4481;69,4924;0,3615;0,8833;0,7364;1,0000;0,1181;0,6746;3,8899;1,7092;1,7092;6;3,0761;0,6997;0,6988;0,9110;2,0000;0,2062;0,3824;0,7737;0;13,4304;0;0;0,0000;357;51
144;150,0856;Predator;5;60,1377;69,4924;0,3040;0,8541;0,7364;1,0000;0,1181;0,6746;3,8899;1,7092;1,7092;6;3,0761;0,6997;0,6988;0,9110;2,0000;0,2062;0,3824;0,7737;0;12,5104;0;0;0,0000;354;50
145;151,1010;Predator;5;126,1004;69,4924;0,2375;0,8246;0,7364;1,0000;0,1181;0,6746;3,8899;1,7092;0,3445;6;3,0761;0,6997;0,6988;0,9110;2,0000;0,2062;0,3824;0,7737;2;12,6917;0;0;9,0984;353;50
146;152,1368;Predator;26;101,2143;100,0000;0,8985;0,9592;0,0000;0,0988;0,1181;0,6813;3,9632;1,7522;1,7522;6;1,6186;0,9940;0,7428;0,9653;2,0491;0,2278;0,4142;1,0000;0;12,9487;0;0;0,0000;352;50
147;153,1725;Predator;26;101,1507;100,0000;0,8176;0,9272;0,0000;0,0988;0,1181;0,6813;3,9632;1,7522;1,7522;6;1,6186;0,9940;0,7428;0,9653;2,0491;0,2278;0,4142;1,0000;0;12,9457;0;0;0,0000;349;50
148;154,1796;Predator;26;101,0533;100,0000;0,7367;0,8960;0,0000;0,0988;0,1181;0,6813;3,9632;1,7522;1,7522;6;1,6186;0,9940;0,7428;0,9653;2,0491;0,2278;0,4142;1,0000;0;12,5883;0;0;0,0000;347;50
149;155,2281;Predator;27;101,3107;100,0000;0,9937;0,9082;0,0000;0,0000;0,1082;0,6727;3,8565;1,5925;1,5925;6;2,5063;0,8757;0,5000;1,0083;2,0177;0,1807;0,5149;1,0000;0;13,1069;0;0;0,0000;345;49
150;156,2583;Predator;27;101,2878;100,0000;0,9195;0,8867;0,0000;0,0000;0,1082;0,6727;3,8565;1,5925;1,5925;6;2,5063;0,8757;0,5000;1,0083;2,0177;0,1807;0,5149;1,0000;0;12,8782;0;0;0,0000;343;49
151;157,3069;Predator;27;101,3107;100,0000;0,8428;0,8649;0,0000;0,0000;0,1082;0,6727;3,8565;1,5925;1,5925;6;2,5063;0,8757;0,5000;1,0083;2,0177;0,1807;0,5149;1,0000;0;13,1065;0;0;0,0000;340;49
152;158,3587;Predator;27;101,3148;100,0000;0,7650;0,8429;0,0000;0,0000;0,1082;0,6727;3,8565;1,5925;1,5925;6;2,5063;0,8757;0,5000;1,0083;2,0177;0,1807;0,5149;1,0000;0;13,1483;0;0;0,0000;340;48
153;159,4359;Predator;27;101,3465;100,0000;0,6874;0,8205;0,0000;0,0000;0,1082;0,6727;3,8565;1,5925;1,5925;6;2,5063;0,8757;0,5000;1,0083;2,0177;0,1807;0,5149;1,0000;0;13,4651;0;0;0,0000;338;48
154;160,4963;Predator;26;101,3255;100,0000;0,5662;0,7005;0,0000;0,0000;0,1048;0,6885;3,9632;1,7522;1,7522;6;1,6186;0,9940;0,7428;0,9653;2,0491;0,2278;0,4142;1,0000;0;13,2550;0;0;0,0000;336;52
155;161,5350;Predator;26;101,2983;100,0000;0,4854;0,6684;0,0000;0,0000;0,1048;0,6885;3,9632;1,7522;1,7522;6;1,6186;0,9940;0,7428;0,9653;2,0491;0,2278;0,4142;1,0000;0;12,9830;0;0;0,0000;335;51
156;162,5938;Predator;26;101,3235;100,0000;0,4021;0,6356;0,0000;0,0000;0,1048;0,6885;3,9632;1,7522;1,7522;6;1,6186;0,9940;0,7428;0,9653;2,0491;0,2278;0,4142;1,0000;0;13,2353;0;0;0,0000;334;51
157;163,6568;Predator;26;101,3288;100,0000;0,3165;0,6027;0,0000;0,0000;0,1048;0,6885;3,9632;1,7522;1,7522;6;1,6186;0,9940;0,7428;0,9653;2,0491;0,2278;0,4142;1,0000;0;13,2881;0;0;0,0000;332;51
158;164,6678;Predator;26;101,2637;100,0000;0,2381;0,5714;0,0000;0,0000;0,1048;0,6885;3,9632;1,7522;1,7522;6;1,6186;0,9940;0,7428;0,9653;2,0491;0,2278;0,4142;1,0000;0;12,6371;0;0;0,0000;330;51
159;165,7511;Predator;26;101,3541;100,0000;0,1549;0,5379;0,0000;0,0000;0,1048;0,6885;3,9632;1,7522;1,7522;6;1,6186;0,9940;0,7428;0,9653;2,0491;0,2278;0,4142;1,0000;0;13,5409;0;0;0,0000;330;51
160;166,8461;Predator;26;101,3687;100,0000;0,0717;0,5040;0,0000;0,0000;0,1048;0,6885;3,9632;1,7522;1,7522;6;1,6186;0,9940;0,7428;0,9653;2,0491;0,2278;0,4142;1,0000;0;13,6868;0;0;0,0000;328;51
161;167,8663;Predator;26;100,1003;98,8249;0,0000;0,4724;0,0000;0,0000;0,1048;0,6885;3,9632;1,7522;1,7522;6;1,6186;0,9940;0,7428;0,9653;2,0491;0,2278;0,4142;1,0000;0;12,7535;0;0;0,0000;327;51
162;168,9789;Predator;27;101,3906;100,0000;0,0287;0,6217;0,0000;0,0000;0,1106;0,6763;3,8565;1,5925;1,5925;6;2,5063;0,8757;0,5000;1,0083;2,0177;0,1807;0,5149;1,0000;0;13,9062;0;0;0,0000;355;45
163;170,0034;Predator;27;93,0770;91,7964;0,0000;1,0000;0,0000;0,0000;0,1106;0,6763;3,8565;1,5925;1,5925;6;2,5063;0,8757;0,5000;1,0083;2,0177;0,1807;0,5149;1,0000;0;12,8061;0;0;0,0000;353;51
164;171,1182;Predator;27;79,2549;77,8614;0,0000;0,9768;0,0000;0,0000;0,1106;0,6763;3,8565;1,5925;1,5925;6;2,5063;0,8757;0,5000;1,0083;2,0177;0,1807;0,5149;1,0000;0;13,9351;0;0;0,0000;350;51
165;172,1183;Predator;27;66,6102;65,3600;0,0000;0,9559;0,0000;0,0000;0,1106;0,6763;3,8565;1,5925;1,5925;6;2,5063;0,8757;0,5000;1,0083;2,0177;0,1807;0,5149;1,0000;0;12,5013;0;0;0,0000;348;51
166;173,1778;Predator;27;53,4415;52,1172;0,0000;0,9339;0,0000;0,0000;0,1106;0,6763;3,8565;1,5925;1,5925;6;2,5063;0,8757;0,5000;1,0083;2,0177;0,1807;0,5149;1,0000;0;13,2428;0;0;0,0000;347;51
167;174,1855;Predator;27;40,7805;39,5209;0,0000;0,9129;0,0000;0,0000;0,1106;0,6763;3,8565;1,5925;1,5925;6;2,5063;0,8757;0,5000;1,0083;2,0177;0,1807;0,5149;1,0000;0;12,5964;0;0;0,0000;346;51
168;175,2581;Predator;27;27,4539;26,1132;0,0000;0,8905;0,0000;0,0000;0,1106;0,6763;3,8565;1,5925;1,5925;6;2,5063;0,8757;0,5000;1,0083;2,0177;0,1807;0,5149;1,0000;0;13,4077;0;0;0,0000;346;51
169;176,3097;Predator;8;18,6275;30,1073;0,1325;0,5313;0,0000;0,4861;0,1109;0,6751;3,0840;1,9290;0,1021;9;2,6605;0,6349;0,8488;0,6334;2,0000;0,4934;0,4867;0,7140;0;13,1443;0;1;10,7921;346;51
170;177,3381;Predator;8;18,3021;30,1073;0,0751;0,4950;0,0000;0,4861;0,1109;0,6751;3,0840;1,9290;0,0000;9;2,6605;0,6349;0,8488;0,6334;2,0000;0,4934;0,4867;0,7140;0;12,8561;0;1;10,6018;345;51
171;178,3747;Predator;8;18,0387;30,1073;0,0157;0,4583;0,0000;0,4861;0,1109;0,6751;3,0840;1,9290;0,1220;9;2,6605;0,6349;0,8488;0,6334;2,0000;0,4934;0,4867;0,7140;0;12,9570;0;1;10,3253;341;51
172;179,4191;Predator;8;38,4632;24,4842;0,9813;0,4214;0,0000;0,4861;0,1109;0,6751;3,0840;1,9290;0,2851;9;2,6605;0,6349;0,8488;0,6334;2,0000;0,4934;0,4867;0,7140;0;13,0550;1;1;5,6689;335;50
173;180,4954;Predator;8;19,8336;24,4842;0,9270;0,3833;0,0000;0,4861;0,1109;0,6751;3,0840;1,9290;1,6304;9;2,6605;0,6349;0,8488;0,6334;2,0000;0,4934;0,4867;0,7140;0;13,4536;0;0;0,0000;332;50
174;181,5104;Predator;8;19,4080;24,4842;0,8752;0,3474;0,0000;0,4861;0,1109;0,6751;3,0840;1,9290;1,9290;9;2,6605;0,6349;0,8488;0,6334;2,0000;0,4934;0,4867;0,7140;0;12,6876;0;0;0,0000;330;50
175;182,5108;Predator;8;19,0456;24,4842;0,8225;0,3120;0,0000;0,4861;0,1109;0,6751;3,0840;1,9290;1,9290;9;2,6605;0,6349;0,8488;0,6334;2,0000;0,4934;0,4867;0,7140;0;12,5024;0;0;0,0000;325;57
176;183,5446;Predator;8;25,5750;24,4842;0,7646;0,9793;0,0000;0,4861;0,1109;0,6751;3,0840;1,9290;1,9290;9;2,6605;0,6349;0,8488;0,6334;2,0000;0,4934;0,4867;0,7140;0;12,9201;0;0;0,0000;322;57
177;184,5544;Predator;8;25,1980;24,4842;0,7061;0,9436;0,0000;0,4861;0,1109;0,6751;3,0840;1,9290;1,9290;9;2,6605;0,6349;0,8488;0,6334;2,0000;0,4934;0,4867;0,7140;0;12,6229;0;0;0,0000;321;57
178;185,5550;Predator;8;24,8424;24,4842;0,6443;0,9082;0,0000;0,4861;0,1109;0,6751;3,0840;1,9290;1,9290;9;2,6605;0,6349;0,8488;0,6334;2,0000;0,4934;0,4867;0,7140;0;12,5072;0;0;0,0000;320;57
179;186,5668;Predator;8;24,5085;24,4842;0,5841;0,8724;0,0000;0,4861;0,1109;0,6751;3,0840;1,9290;1,9290;9;2,6605;0,6349;0,8488;0,6334;2,0000;0,4934;0,4867;0,7140;0;12,6476;0;0;0,0000;319;57
180;187,5934;Predator;8;24,1739;24,4842;0,5278;0,8361;0,0000;0,4861;0,1109;0,6751;3,0840;1,9290;1,9290;9;2,6605;0,6349;0,8488;0,6334;2,0000;0,4934;0,4867;0,7140;0;12,8320;0;0;0,0000;316;57
181;188,6015;Predator;8;23,8042;24,4842;0,4753;0,8005;0,0000;0,4861;0,1109;0,6751;3,0840;1,9290;1,9290;9;2,6605;0,6349;0,8488;0,6334;2,0000;0,4934;0,4867;0,7140;0;12,6017;0;0;0,0000;314;64
182;189,6111;Predator;8;23,4590;24,4842;0,4237;0,7647;0,0000;0,4861;0,1109;0,6751;3,0840;1,9290;1,9290;9;2,6605;0,6349;0,8488;0,6334;2,0000;0,4934;0,4867;0,7140;0;12,6206;0;0;0,0000;312;64
183;190,6483;Predator;8;23,1367;24,4842;0,3715;0,7281;0,0000;0,4861;0,1109;0,6751;3,0840;1,9290;1,9290;9;2,6605;0,6349;0,8488;0,6334;2,0000;0,4934;0,4867;0,7140;0;12,9644;0;0;0,0000;311;64
184;191,6612;Predator;8;22,7581;24,4842;0,3201;0,6922;0,0000;0,4861;0,1109;0,6751;3,0840;1,9290;1,9290;9;2,6605;0,6349;0,8488;0,6334;2,0000;0,4934;0,4867;0,7140;0;12,6619;0;0;0,0000;308;64
185;192,6816;Predator;8;21,0615;24,4842;0,2640;0,6562;0,0000;0,4861;0,1109;0,6751;3,0840;1,9290;1,2515;9;2,6605;0,6349;0,8488;0,6334;2,0000;0,4934;0,4867;0,7140;0;12,7539;0;0;4,5168;336;64
186;193,7582;Predator;8;13,7667;24,4842;0,1978;0,6181;0,0000;0,4861;0,1109;0,6751;3,0840;1,9290;0,0000;9;2,6605;0,6349;0,8488;0,6334;2,0000;0,4934;0,4867;0,7140;0;13,4581;0;1;11,1666;332;71
187;194,8012;Predator;8;13,4882;24,4842;0,1351;0,5812;0,0000;0,4861;0,1109;0,6751;3,0840;1,9290;0,0980;9;2,6605;0,6349;0,8488;0,6334;2,0000;0,4934;0,4867;0,7140;0;13,0370;0;1;10,7592;330;71
188;195,8550;Predator;8;13,1039;24,4842;0,0705;0,5439;0,0000;0,4861;0,1109;0,6751;3,0840;1,9290;0,0000;9;2,6605;0,6349;0,8488;0,6334;2,0000;0,4934;0,4867;0,7140;0;13,1723;0;1;10,8773;326;78
189;196,8585;Predator;8;11,7058;23,3795;0,0000;0,5084;0,0000;0,4861;0,1109;0,6751;3,0840;1,9290;0,0000;9;2,6605;0,6349;0,8488;0,6334;2,0000;0,4934;0,4867;0,7140;0;12,5433;0;1;10,4954;321;78
190;197,8918;Predator;8;-1,6495;10,4631;0,0000;0,4719;0,0000;0,4861;0,1109;0,6751;3,0840;1,9290;0,1040;9;2,6605;0,6349;0,8488;0,6334;2,0000;0,4934;0,4867;0,7140;0;12,9164;0;1;10,8986;317;78
